Player,Nation,Pos,Squad,Age,Born,MP,Starts,Min,90s,Gls,Ast,G+A,G-PK,PK,PKatt,CrdY,CrdR,xG,npxG,xAG,npxG+xAG,PrgC,PrgP,PrgR,Gls,Ast,G+A,G-PK,G+A-PK,xG,xAG,xG+xAG,npxG,npxG+xAG
Uriel van Aalst,Unnamed: 2_level_1,FW,Willem II,Unnamed: 5_level_1,Unnamed: 6_level_1,1,0,28,0.3,0,0,0,0,0,0,0,0,0.0,0.0,0.0,0.0,1,1,1,0.00,0.00,0.00,0.00,0.00,0.00,0.10,0.10,0.00,0.10
Patrick van Aanholt,nl NED,DF,Sparta R'dam,33,1990,21,20,1656,18.4,0,0,0,0,0,0,4,0,0.6,0.6,1.3,1.9,39,86,64,0.00,0.00,0.00,0.00,0.00,0.04,0.07,0.11,0.04,0.11
Paxten Aaronson,us USA,"MF,FW",Utrecht,20,2003,33,30,2689,29.9,8,4,12,8,0,0,8,0,5.3,5.3,2.9,8.2,51,116,80,0.27,0.13,0.40,0.27,0.40,0.18,0.10,0.28,0.18,0.28
Jayden Addai,nl NED,"FW,DF",AZ Alkmaar,18,2005,17,3,324,3.6,1,0,1,1,0,0,1,0,1.0,1.0,0.4,1.4,18,15,44,0.28,0.00,0.28,0.28,0.28,0.28,0.11,0.40,0.28,0.40
Bobby Adekanye,nl NED,"FW,MF",Go Ahead Eag,25,1999,13,10,778,8.6,1,0,1,1,0,0,2,0,1.3,1.3,0.9,2.2,31,22,60,0.12,0.00,0.12,0.12,0.12,0.15,0.11,0.26,0.15,0.26
Aske Adelgaard,dk DEN,DF,Go Ahead Eag,20,2003,22,14,1224,13.6,0,1,1,0,0,0,5,0,0.3,0.3,1.3,1.6,25,39,61,0.00,0.07,0.07,0.00,0.07,0.02,0.10,0.12,0.02,0.12
Shawn Adewoye,be BEL,DF,Fortuna Sittard,24,2000,24,20,1748,19.4,1,0,1,1,0,0,3,0,1.5,1.5,0.1,1.6,13,59,0,0.05,0.00,0.05,0.05,0.05,0.08,0.01,0.08,0.08,0.08
Olivier Aertssen,nl NED,DF,Zwolle,19,2004,20,14,1116,12.4,1,0,1,1,0,0,0,0,0.6,0.6,0.6,1.2,13,47,19,0.08,0.00,0.08,0.08,0.08,0.05,0.05,0.10,0.05,0.10
Amar Ahmed,se SWE,"FW,MF",Willem II,20,2004,22,5,703,7.8,1,0,1,1,0,0,3,0,0.7,0.7,0.9,1.7,35,21,55,0.13,0.00,0.13,0.13,0.13,0.10,0.12,0.22,0.10,0.22
Isaiah Ahmed,cw CUW,MF,Heerenveen,18,2005,1,0,9,0.1,0,0,0,0,0,0,0,0,0.0,0.0,0.0,0.0,0,0,0,0.00,0.00,0.00,0.00,0.00,0.00,0.00,0.00,0.00,0.00
Makan Aiko,fr FRA,FW,Fortuna Sittard,23,2001,22,13,1179,13.1,1,0,1,1,0,0,4,0,4.0,4.0,0.9,4.9,22,6,59,0.08,0.00,0.08,0.08,0.08,0.30,0.07,0.37,0.30,0.37
Chuba Akpom,eng ENG,FW,Ajax,28,1995,16,9,832,9.2,3,1,4,3,0,0,0,0,3.1,3.1,0.5,3.5,25,17,93,0.32,0.11,0.43,0.32,0.43,0.33,0.05,0.38,0.33,0.38
Hamdi Akujobi,nl NED,DF,Almere City,24,2000,28,27,2344,26.0,1,1,2,1,0,0,5,0,0.7,0.7,1.7,2.4,50,89,85,0.04,0.04,0.08,0.04,0.08,0.03,0.07,0.09,0.03,0.09
Gerald Alders,nl NED,DF,Twente,19,2005,2,0,28,0.3,0,0,0,0,0,0,0,0,0.0,0.0,0.0,0.0,0,1,1,0.00,0.00,0.00,0.00,0.00,0.00,0.00,0.00,0.00,0.00
Hussein Ali,iq IRQ,DF,Heerenveen,22,2002,6,1,212,2.4,0,0,0,0,0,0,0,0,0.0,0.0,0.0,0.0,1,8,4,0.00,0.00,0.00,0.00,0.00,0.00,0.00,0.00,0.00,0.00
Jaydon Amauri Banel,nl NED,FW,Ajax,19,2004,1,1,64,0.7,0,0,0,0,0,0,0,0,0.1,0.1,0.0,0.1,2,3,8,0.00,0.00,0.00,0.00,0.00,0.18,0.00,0.18,0.18,0.18
Jamal Amofa,nl NED,DF,Go Ahead Eag,25,1998,2,2,158,1.8,0,0,0,0,0,0,1,0,0.2,0.2,0.0,0.2,0,10,0,0.00,0.00,0.00,0.00,0.00,0.13,0.00,0.13,0.13,0.13
Silas Andersen,dk DEN,MF,Utrecht,20,2004,1,0,1,0.0,0,0,0,0,0,0,0,0,0.0,0.0,0.0,0.0,0,0,0,0.00,0.00,0.00,0.00,0.00,0.00,0.00,0.00,0.00,0.00
Plamen Andreev,bg BUL,GK,Feyenoord,19,2004,1,1,90,1.0,0,0,0,0,0,0,0,0,0.0,0.0,0.0,0.0,0,0,0,0.00,0.00,0.00,0.00,0.00,0.00,0.00,0.00,0.00,0.00
Oliver Antman,fi FIN,"FW,MF",Go Ahead Eag,22,2001,32,28,2410,26.8,6,15,21,6,0,0,1,0,7.1,7.1,9.1,16.2,96,75,207,0.22,0.56,0.78,0.22,0.78,0.27,0.34,0.61,0.27,0.61
Anouar El Azzouzi,nl NED,"MF,DF",Zwolle,23,2001,33,33,2876,32.0,1,0,1,1,0,0,7,0,3.3,3.3,1.0,4.4,32,153,55,0.03,0.00,0.03,0.03,0.03,0.10,0.03,0.14,0.10,0.14
Julian Baas,nl NED,MF,Sparta R'dam,22,2002,13,9,850,9.4,0,2,2,0,0,0,1,0,0.1,0.1,1.1,1.3,8,44,6,0.00,0.21,0.21,0.00,0.21,0.02,0.12,0.14,0.02,0.14
Youri Baas,nl NED,DF,Ajax,21,2003,23,23,2040,22.7,1,0,1,1,0,0,2,0,0.7,0.7,0.3,1.0,18,115,6,0.04,0.00,0.04,0.04,0.04,0.03,0.01,0.04,0.03,0.04
Isaac Babadi,nl NED,MF,PSV Eindhoven,19,2005,8,1,175,1.9,1,0,1,1,0,0,0,0,0.7,0.7,0.4,1.1,14,32,11,0.51,0.00,0.51,0.51,0.51,0.36,0.18,0.54,0.36,0.54
Leandro Bacuna,cw CUW,"DF,MF",Groningen,32,1991,31,25,2330,25.9,4,3,7,1,3,4,8,0,4.8,1.7,2.9,4.6,44,97,100,0.15,0.12,0.27,0.04,0.15,0.19,0.11,0.30,0.06,0.18
Player,Nation,Pos,Squad,Age,Born,MP,Starts,Min,90s,Gls,Ast,G+A,G-PK,PK,PKatt,CrdY,CrdR,xG,npxG,xAG,npxG+xAG,PrgC,PrgP,PrgR,Gls,Ast,G+A,G-PK,G+A-PK,xG,xAG,xG+xAG,npxG,npxG+xAG
Thibo Baeten,be BEL,"MF,FW",Go Ahead Eag,22,2002,1,0,12,0.1,0,0,0,0,0,0,0,0,0.0,0.0,0.0,0.0,1,1,4,0.00,0.00,0.00,0.00,0.00,0.00,0.00,0.00,0.00,0.00
Esmir Bajraktarevic,ba BIH,"FW,DF",PSV Eindhoven,19,2005,4,0,24,0.3,0,0,0,0,0,0,0,0,0.1,0.1,0.0,0.1,3,1,3,0.00,0.00,0.00,0.00,0.00,0.50,0.00,0.50,0.50,0.50
Saïd Bakari,km COM,DF,Sparta R'dam,29,1994,26,24,2144,23.8,1,0,1,1,0,0,3,0,0.7,0.7,0.6,1.2,44,106,64,0.04,0.00,0.04,0.04,0.04,0.03,0.02,0.05,0.03,0.05
Johan Bakayoko,be BEL,FW,PSV Eindhoven,21,2003,30,17,1579,17.5,9,1,10,9,0,0,1,0,6.0,6.0,4.1,10.2,130,63,274,0.51,0.06,0.57,0.51,0.57,0.34,0.24,0.58,0.34,0.58
Nordin Bakker,nl NED,GK,Almere City,26,1997,34,34,3050,33.9,0,0,0,0,0,0,0,0,0.0,0.0,0.0,0.0,0,1,0,0.00,0.00,0.00,0.00,0.00,0.00,0.00,0.00,0.00,0.00
Max Balard,au AUS,MF,NAC Breda,23,2000,33,33,2937,32.6,1,1,2,1,0,0,6,0,0.3,0.3,1.2,1.5,31,130,18,0.03,0.03,0.06,0.03,0.06,0.01,0.04,0.04,0.01,0.04
Alex Balboa,gq EQG,MF,Almere City,23,2001,10,4,405,4.5,1,0,1,1,0,0,3,0,0.3,0.3,0.1,0.5,3,16,3,0.22,0.00,0.22,0.22,0.22,0.07,0.03,0.10,0.07,0.10
Théo Barbet,fr FRA,DF,Almere City,23,2001,12,10,863,9.6,0,0,0,0,0,0,1,0,0.2,0.2,0.0,0.2,1,24,0,0.00,0.00,0.00,0.00,0.00,0.02,0.00,0.02,0.02,0.02
Vasilios Barkas,gr GRE,GK,Utrecht,30,1994,31,31,2790,31.0,0,0,0,0,0,0,1,0,0.0,0.0,0.0,0.0,0,2,0,0.00,0.00,0.00,0.00,0.00,0.00,0.00,0.00,0.00,0.00
Samuel Bastien,cd COD,"MF,FW",Fortuna Sittard,27,1996,23,13,1294,14.4,0,2,2,0,0,0,0,0,0.4,0.4,2.4,2.8,10,51,36,0.00,0.14,0.14,0.00,0.14,0.03,0.17,0.20,0.03,0.20
Riechedly Bazoer,nl NED,MF,AZ Alkmaar,27,1996,1,0,3,0.0,0,0,0,0,0,0,1,0,0.0,0.0,0.0,0.0,0,0,0,0.00,0.00,0.00,0.00,0.00,0.00,0.00,0.00,0.00,0.00
Guus Beaumont,nl NED,MF,Almere City,22,2002,2,0,12,0.1,0,0,0,0,0,0,0,0,0.0,0.0,0.0,0.0,0,0,0,0.00,0.00,0.00,0.00,0.00,0.00,0.00,0.00,0.00,0.00
Thomas Beelen,nl NED,DF,Feyenoord,23,2001,25,18,1698,18.9,1,1,2,1,0,0,1,0,0.8,0.8,0.2,1.0,27,131,8,0.05,0.05,0.11,0.05,0.11,0.04,0.01,0.05,0.04,0.05
Raffael Behounek,at AUT,DF,Willem II,27,1997,31,31,2777,30.9,2,1,3,2,0,0,5,1,1.6,1.6,0.5,2.1,16,125,7,0.06,0.03,0.10,0.06,0.10,0.05,0.02,0.07,0.05,0.07
Kristijan Belic,rs SRB,MF,AZ Alkmaar,23,2001,15,6,585,6.5,1,0,1,1,0,0,4,0,0.4,0.4,0.9,1.3,10,46,15,0.15,0.00,0.15,0.15,0.15,0.06,0.13,0.20,0.06,0.20
Mimeirhel Benita,nl NED,DF,Heracles Almelo,20,2003,29,22,2038,22.6,0,1,1,0,0,0,3,0,0.3,0.3,1.0,1.3,23,71,52,0.00,0.04,0.04,0.00,0.04,0.02,0.04,0.06,0.02,0.06
Walter Benítez,ar ARG,GK,PSV Eindhoven,31,1993,34,34,3015,33.5,0,0,0,0,0,0,0,0,0.0,0.0,0.0,0.0,0,2,0,0.00,0.00,0.00,0.00,0.00,0.00,0.00,0.00,0.00,0.00
Mitchell van Bergen,nl NED,FW,Sparta R'dam,24,1999,14,14,1125,12.5,3,2,5,3,0,0,0,0,2.3,2.3,1.9,4.2,62,16,122,0.24,0.16,0.40,0.24,0.40,0.19,0.15,0.34,0.19,0.34
Mitchell van Bergen,nl NED,FW,Twente,24,1999,15,9,798,8.9,0,0,0,0,0,0,0,0,1.1,1.1,0.9,2.0,59,18,98,0.00,0.00,0.00,0.00,0.00,0.12,0.10,0.22,0.12,0.22
Thom van Bergen,nl NED,FW,Groningen,20,2004,34,29,2470,27.4,5,1,6,5,0,0,3,0,8.3,8.3,2.5,10.8,27,37,151,0.18,0.04,0.22,0.18,0.22,0.30,0.09,0.39,0.30,0.39
Steven Berghuis,nl NED,"FW,MF",Ajax,32,1991,26,16,1429,15.9,2,5,7,1,1,2,2,0,3.8,2.2,5.6,7.8,39,97,115,0.13,0.31,0.44,0.06,0.38,0.24,0.35,0.59,0.14,0.49
Steven Bergwijn,nl NED,FW,Ajax,26,1997,1,0,15,0.2,0,0,0,0,0,0,0,0,0.1,0.1,0.0,0.1,1,2,7,0.00,0.00,0.00,0.00,0.00,0.37,0.17,0.54,0.37,0.54
Gijs Besselink,nl NED,MF,Twente,20,2004,13,3,321,3.6,0,0,0,0,0,0,2,0,0.0,0.0,0.1,0.1,3,12,3,0.00,0.00,0.00,0.00,0.00,0.00,0.01,0.01,0.00,0.01
Daniel Bielica,pl POL,GK,NAC Breda,25,1999,32,32,2880,32.0,0,0,0,0,0,0,2,0,0.0,0.0,0.0,0.0,0,1,0,0.00,0.00,0.00,0.00,0.00,0.00,0.00,0.00,0.00,0.00
Justin Bijlow,nl NED,GK,Feyenoord,26,1998,4,4,360,4.0,0,0,0,0,0,0,0,0,0.0,0.0,0.0,0.0,0,0,0,0.00,0.00,0.00,0.00,0.00,0.00,0.00,0.00,0.00,0.00
Player,Nation,Pos,Squad,Age,Born,MP,Starts,Min,90s,Gls,Ast,G+A,G-PK,PK,PKatt,CrdY,CrdR,xG,npxG,xAG,npxG+xAG,PrgC,PrgP,PrgR,Gls,Ast,G+A,G-PK,G+A-PK,xG,xAG,xG+xAG,npxG,npxG+xAG
Adrian Blake,eng ENG,"FW,MF",Utrecht,19,2005,17,2,468,5.2,3,2,5,3,0,0,1,0,0.8,0.8,2.0,2.8,16,17,44,0.58,0.38,0.96,0.58,0.96,0.16,0.38,0.54,0.16,0.54
Thijmen Blokzijl,nl NED,DF,Groningen,19,2005,28,25,2226,24.7,1,0,1,1,0,0,1,1,1.0,1.0,0.0,1.1,10,78,1,0.04,0.00,0.04,0.04,0.04,0.04,0.00,0.04,0.04,0.04
Ofosu Boakye,,FW,Go Ahead Eag,,,1,0,4,0.0,0,0,0,0,0,0,0,0,0.9,0.9,0.0,0.9,0,0,2,0.00,0.00,0.00,0.00,0.00,21.21,0.00,21.21,21.21,21.21
Paweł Bochniewicz,pl POL,DF,Heerenveen,28,1996,13,13,1109,12.3,0,0,0,0,0,0,3,0,0.7,0.7,0.2,0.9,8,62,3,0.00,0.00,0.00,0.00,0.00,0.05,0.02,0.07,0.05,0.07
Jeremy Bokila,cd COD,FW,Willem II,35,1988,29,13,1376,15.3,3,1,4,2,1,1,7,1,3.3,2.5,0.7,3.2,13,26,51,0.20,0.07,0.26,0.13,0.20,0.21,0.04,0.26,0.16,0.21
Ruben van Bommel,nl NED,FW,AZ Alkmaar,19,2004,24,17,1491,16.6,3,5,8,3,0,0,4,0,4.5,4.5,3.3,7.8,52,82,133,0.18,0.30,0.48,0.18,0.48,0.27,0.20,0.47,0.27,0.47
Taylor Booth,us USA,"FW,MF",Utrecht,23,2001,9,2,259,2.9,0,0,0,0,0,0,0,0,0.0,0.0,0.1,0.1,7,4,12,0.00,0.00,0.00,0.00,0.00,0.00,0.02,0.02,0.00,0.02
Taylor Booth,us USA,FW,Twente,23,2001,6,4,271,3.0,0,1,1,0,0,0,0,0,0.1,0.1,0.6,0.7,9,8,23,0.00,0.33,0.33,0.00,0.33,0.03,0.20,0.23,0.03,0.23
Olivier Boscagli,fr FRA,DF,PSV Eindhoven,26,1997,30,30,2562,28.5,1,6,7,1,0,0,2,0,1.5,1.5,4.0,5.5,43,363,16,0.04,0.21,0.25,0.04,0.25,0.05,0.14,0.19,0.05,0.19
Jesse Bosch,nl NED,MF,Willem II,24,2000,33,32,2713,30.1,6,0,6,6,0,0,7,0,2.6,2.6,1.9,4.5,30,81,73,0.20,0.00,0.20,0.20,0.20,0.09,0.06,0.15,0.09,0.15
Sven Bouland,nl NED,DF,Groningen,,,2,0,49,0.5,0,0,0,0,0,0,0,0,0.0,0.0,0.1,0.1,1,5,1,0.00,0.00,0.00,0.00,0.00,0.00,0.17,0.17,0.00,0.17
Rayane Bounida,be BEL,FW,Ajax,18,2006,1,0,14,0.2,0,0,0,0,0,0,0,0,0.0,0.0,0.0,0.0,0,0,1,0.00,0.00,0.00,0.00,0.00,0.00,0.00,0.00,0.00,0.00
Can Bozdogan,de GER,MF,Utrecht,23,2001,9,4,402,4.5,1,1,2,1,0,0,2,0,0.6,0.6,0.1,0.6,5,17,11,0.22,0.22,0.45,0.22,0.45,0.13,0.01,0.15,0.13,0.15
Mattijs Branderhorst,nl NED,GK,Fortuna Sittard,30,1993,28,28,2520,28.0,0,0,0,0,0,0,1,0,0.0,0.0,0.0,0.0,0,0,0,0.00,0.00,0.00,0.00,0.00,0.00,0.00,0.00,0.00,0.00
Oliver Braude,no NOR,DF,Heerenveen,20,2004,33,31,2607,29.0,0,2,2,0,0,0,10,0,0.4,0.4,0.8,1.2,70,167,66,0.00,0.07,0.07,0.00,0.07,0.01,0.03,0.04,0.01,0.04
Myron van Brederode,nl NED,FW,AZ Alkmaar,21,2003,3,2,171,1.9,0,0,0,0,0,0,0,0,0.2,0.2,0.1,0.2,4,12,14,0.00,0.00,0.00,0.00,0.00,0.10,0.03,0.13,0.10,0.13
Michael Bresser,nl NED,DF,PSV Eindhoven,17,2007,1,0,3,0.0,0,0,0,0,0,0,0,0,0.0,0.0,0.0,0.0,0,0,1,0.00,0.00,0.00,0.00,0.00,0.00,0.00,0.00,0.00,0.00
Jakob Breum,dk DEN,"MF,FW",Go Ahead Eag,20,2003,26,23,2059,22.9,10,5,15,10,0,0,4,0,6.3,6.3,4.0,10.3,46,125,131,0.44,0.22,0.66,0.44,0.66,0.28,0.17,0.45,0.28,0.45
Brian Brobbey,nl NED,FW,Ajax,22,2002,30,22,1555,17.3,4,3,7,4,0,0,6,0,10.2,10.2,1.5,11.8,18,19,168,0.23,0.17,0.41,0.23,0.41,0.59,0.09,0.68,0.59,0.68
Michael Brouwer,nl NED,GK,Utrecht,31,1993,3,3,270,3.0,0,0,0,0,0,0,0,0,0.0,0.0,0.0,0.0,0,0,0,0.00,0.00,0.00,0.00,0.00,0.00,0.00,0.00,0.00,0.00
Luuk Brouwers,nl NED,MF,Heerenveen,26,1998,24,23,1908,21.2,3,2,5,3,0,0,5,0,3.5,3.5,1.2,4.7,25,87,80,0.14,0.09,0.24,0.14,0.24,0.16,0.06,0.22,0.16,0.22
Jordy Bruijn,nl NED,MF,Heracles Almelo,28,1996,9,3,307,3.4,0,0,0,0,0,0,1,0,0.4,0.4,0.2,0.6,7,12,15,0.00,0.00,0.00,0.00,0.00,0.13,0.05,0.18,0.13,0.18
Max Bruns,nl NED,DF,Twente,21,2002,23,19,1635,18.2,0,1,1,0,0,0,3,0,0.7,0.7,0.6,1.3,23,81,3,0.00,0.06,0.06,0.00,0.06,0.04,0.03,0.07,0.04,0.07
Thomas Bruns,nl NED,"MF,FW",Heracles Almelo,32,1992,22,14,1155,12.8,3,2,5,3,0,0,5,0,2.6,2.6,2.6,5.2,18,40,42,0.23,0.16,0.39,0.23,0.39,0.20,0.20,0.40,0.20,0.40
Charles-Andréas Brym,ca CAN,"FW,MF",Sparta R'dam,25,1998,12,2,308,3.4,0,1,1,0,0,0,0,0,1.8,1.8,1.1,2.9,7,3,25,0.00,0.29,0.29,0.00,0.29,0.54,0.31,0.85,0.54,0.85
Player,Nation,Pos,Squad,Age,Born,MP,Starts,Min,90s,Gls,Ast,G+A,G-PK,PK,PKatt,CrdY,CrdR,xG,npxG,xAG,npxG+xAG,PrgC,PrgP,PrgR,Gls,Ast,G+A,G-PK,G+A-PK,xG,xAG,xG+xAG,npxG,npxG+xAG
Charles-Andréas Brym,ca CAN,FW,Almere City,25,1998,17,16,1289,14.3,3,2,5,3,0,0,1,0,4.0,4.0,1.5,5.5,18,27,62,0.21,0.14,0.35,0.21,0.35,0.28,0.10,0.38,0.28,0.38
Hugo Bueno,es ESP,DF,Feyenoord,21,2002,20,14,1197,13.3,0,3,3,0,0,0,1,0,0.5,0.5,2.5,3.0,61,48,79,0.00,0.23,0.23,0.00,0.23,0.03,0.19,0.22,0.03,0.22
Thomas Buitink,nl NED,"FW,MF",Zwolle,24,2000,13,2,246,2.7,0,0,0,0,0,0,0,0,1.1,1.1,0.2,1.3,2,5,16,0.00,0.00,0.00,0.00,0.00,0.39,0.08,0.47,0.39,0.47
Ezequiel Bullaude,ar ARG,"MF,FW",Fortuna Sittard,23,2000,28,25,2058,22.9,6,1,7,5,1,2,2,0,6.1,4.5,1.7,6.3,15,46,67,0.26,0.04,0.31,0.22,0.26,0.27,0.08,0.34,0.20,0.27
Abdurrahman Burak Sayın,,FW,Fortuna Sittard,,,1,0,4,0.0,0,0,0,0,0,0,0,0,0.0,0.0,0.0,0.0,0,0,1,0.00,0.00,0.00,0.00,0.00,0.00,0.33,0.33,0.00,0.33
Maxime Busi,be BEL,DF,NAC Breda,24,1999,13,9,862,9.6,0,0,0,0,0,0,0,0,0.2,0.2,0.8,1.0,25,41,43,0.00,0.00,0.00,0.00,0.00,0.02,0.09,0.11,0.02,0.11
Zico Buurmeester,nl NED,"MF,FW",AZ Alkmaar,22,2002,27,12,1195,13.3,4,1,5,4,0,0,0,0,2.9,2.9,1.1,4.1,21,61,40,0.30,0.08,0.38,0.30,0.38,0.22,0.09,0.31,0.22,0.31
Àlex Carbonell,es ESP,MF,Almere City,26,1997,11,0,238,2.6,0,0,0,0,0,0,1,0,0.1,0.1,0.6,0.7,3,34,6,0.00,0.00,0.00,0.00,0.00,0.03,0.23,0.26,0.03,0.26
Julián Carranza,ar ARG,FW,Feyenoord,24,2000,21,9,822,9.1,4,1,5,4,0,0,1,0,5.8,5.8,0.8,6.5,4,17,39,0.44,0.11,0.55,0.44,0.55,0.63,0.09,0.72,0.63,0.72
Stephano Carrillo,mx MEX,FW,Feyenoord,18,2006,3,0,52,0.6,0,0,0,0,0,0,0,0,0.1,0.1,0.0,0.1,1,0,8,0.00,0.00,0.00,0.00,0.00,0.18,0.00,0.18,0.18,0.18
Yoann Cathline,fr FRA,FW,Utrecht,22,2002,25,23,1945,21.6,6,5,11,6,0,0,1,0,3.3,3.3,3.0,6.3,111,68,186,0.28,0.23,0.51,0.28,0.51,0.15,0.14,0.29,0.15,0.29
Kayky Chagas,br BRA,"FW,DF",Sparta R'dam,21,2003,6,2,120,1.3,0,0,0,0,0,0,0,0,0.5,0.5,0.1,0.6,7,3,13,0.00,0.00,0.00,0.00,0.00,0.38,0.06,0.45,0.38,0.45
Jordy Clasie,nl NED,MF,AZ Alkmaar,33,1991,23,20,1820,20.2,0,2,2,0,0,0,3,0,0.4,0.4,2.3,2.7,14,161,31,0.00,0.10,0.10,0.00,0.10,0.02,0.11,0.13,0.02,0.13
Pelle Clement,nl NED,"MF,FW",Sparta R'dam,28,1996,32,20,1674,18.6,2,4,6,2,0,0,6,0,1.5,1.5,2.8,4.4,23,105,40,0.11,0.22,0.32,0.11,0.32,0.08,0.15,0.23,0.08,0.23
Denilho Cleonise,nl NED,"FW,MF",RKC Waalwijk,22,2001,25,10,1102,12.2,1,2,3,1,0,0,1,0,0.6,0.6,3.1,3.7,44,21,75,0.08,0.16,0.25,0.08,0.25,0.05,0.25,0.30,0.05,0.30
Amara Conde,de GER,MF,Heerenveen,27,1997,15,8,734,8.2,0,1,1,0,0,0,1,0,0.1,0.1,0.3,0.4,7,31,17,0.00,0.12,0.12,0.00,0.12,0.01,0.04,0.05,0.01,0.05
Vito van Crooy,nl NED,"MF,FW",NEC Nijmegen,28,1996,25,22,1889,21.0,9,6,15,8,1,1,7,1,4.1,3.3,2.3,5.6,22,48,74,0.43,0.29,0.71,0.38,0.67,0.20,0.11,0.31,0.16,0.27
Alessio da Cruz,cv CPV,FW,Fortuna Sittard,27,1997,18,13,1185,13.2,4,1,5,4,0,0,5,0,4.8,4.8,0.9,5.7,15,6,56,0.30,0.08,0.38,0.30,0.38,0.36,0.07,0.43,0.36,0.43
Ro-Zangelo Daal,nl NED,FW,AZ Alkmaar,20,2004,3,1,71,0.8,0,0,0,0,0,0,1,0,0.0,0.0,0.0,0.0,3,2,5,0.00,0.00,0.00,0.00,0.00,0.00,0.00,0.00,0.00,0.00
Jasper Dahlhaus,nl NED,"DF,FW",Fortuna Sittard,22,2001,31,19,1761,19.6,2,2,4,2,0,0,4,0,1.1,1.1,2.0,3.1,62,39,106,0.10,0.10,0.20,0.10,0.20,0.06,0.10,0.16,0.06,0.16
Matteo Dams,be BEL,DF,PSV Eindhoven,20,2004,15,11,916,10.2,0,0,0,0,0,0,1,1,0.3,0.3,1.2,1.5,20,46,65,0.00,0.00,0.00,0.00,0.00,0.03,0.12,0.15,0.03,0.15
Damil Dankerlui,sr SUR,"DF,FW",Almere City,27,1996,8,0,174,1.9,0,0,0,0,0,0,0,0,0.0,0.0,0.1,0.1,3,11,7,0.00,0.00,0.00,0.00,0.00,0.01,0.03,0.04,0.01,0.04
Argyrios Darelas,gr GRE,"MF,FW",NEC Nijmegen,20,2003,5,0,41,0.5,0,0,0,0,0,0,0,0,0.0,0.0,0.0,0.0,0,3,1,0.00,0.00,0.00,0.00,0.00,0.00,0.00,0.00,0.00,0.00
Brynjolfur Darri Willumsson,is ISL,FW,Groningen,23,2000,29,6,960,10.7,4,1,5,4,0,0,2,1,2.0,2.0,1.9,3.9,8,18,68,0.37,0.09,0.47,0.37,0.47,0.19,0.18,0.36,0.19,0.36
Jari De Busser,be BEL,GK,Go Ahead Eag,24,1999,16,16,1440,16.0,0,0,0,0,0,0,0,0,0.0,0.0,0.0,0.0,0,0,0,0.00,0.00,0.00,0.00,0.00,0.00,0.00,0.00,0.00,0.00
Player,Nation,Pos,Squad,Age,Born,MP,Starts,Min,90s,Gls,Ast,G+A,G-PK,PK,PKatt,CrdY,CrdR,xG,npxG,xAG,npxG+xAG,PrgC,PrgP,PrgR,Gls,Ast,G+A,G-PK,G+A-PK,xG,xAG,xG+xAG,npxG,npxG+xAG
Brian De Keersmaecker,be BEL,MF,Heracles Almelo,24,2000,31,31,2722,30.2,5,3,8,2,3,3,3,1,4.0,1.6,3.4,5.0,45,168,43,0.17,0.10,0.26,0.07,0.17,0.13,0.11,0.24,0.05,0.17
Mats Deijl,nl NED,DF,Go Ahead Eag,27,1997,34,34,3060,34.0,4,1,5,2,2,2,2,0,4.8,3.2,2.3,5.5,31,112,102,0.12,0.03,0.15,0.06,0.09,0.14,0.07,0.21,0.09,0.16
Maxim Dekker,nl NED,DF,AZ Alkmaar,20,2004,11,7,589,6.5,0,0,0,0,0,0,1,1,0.0,0.0,0.1,0.1,12,35,4,0.00,0.00,0.00,0.00,0.00,0.00,0.01,0.01,0.00,0.01
Logan Delaurier Chaubet,fr FRA,FW,Almere City,22,2002,12,6,556,6.2,1,0,1,1,0,0,1,0,0.9,0.9,1.0,2.0,10,13,32,0.16,0.00,0.16,0.16,0.16,0.15,0.17,0.32,0.15,0.32
Branco van den Boomen,nl NED,MF,Ajax,29,1995,12,7,631,7.0,0,0,0,0,0,1,0,0,1.4,0.6,1.5,2.1,7,68,13,0.00,0.00,0.00,0.00,0.00,0.20,0.21,0.41,0.08,0.30
Damian van der Haar,nl NED,DF,Zwolle,20,2004,29,22,1833,20.4,2,2,4,2,0,0,1,0,1.0,1.0,3.0,4.0,17,52,82,0.10,0.10,0.20,0.10,0.20,0.05,0.15,0.20,0.05,0.20
Mickey van der Hart,nl NED,GK,Heerenveen,30,1994,19,18,1695,18.8,0,0,0,0,0,0,1,0,0.0,0.0,0.0,0.0,0,1,0,0.00,0.00,0.00,0.00,0.00,0.00,0.00,0.00,0.00,0.00
Mike van der Hoorn,nl NED,DF,Utrecht,31,1992,31,30,2554,28.4,3,2,5,3,0,0,6,0,2.7,2.7,1.5,4.2,18,126,13,0.11,0.07,0.18,0.11,0.18,0.09,0.05,0.15,0.09,0.15
Djevencio van der Kust,sr SUR,DF,Sparta R'dam,23,2001,13,10,923,10.3,0,0,0,0,0,0,3,1,0.1,0.1,0.3,0.4,11,27,55,0.00,0.00,0.00,0.00,0.00,0.01,0.03,0.04,0.01,0.04
Richard van der Venne,nl NED,"MF,FW",RKC Waalwijk,32,1992,17,8,734,8.2,4,1,5,4,0,0,3,0,2.1,2.1,1.8,3.9,9,31,31,0.49,0.12,0.61,0.49,0.61,0.26,0.22,0.48,0.26,0.48
Silvester van der Water,nl NED,"FW,MF",RKC Waalwijk,27,1996,17,9,626,7.0,3,0,3,3,0,0,0,0,1.5,1.5,0.1,1.5,13,13,39,0.43,0.00,0.43,0.43,0.43,0.21,0.01,0.22,0.21,0.22
David van der Werff,nl NED,MF,Groningen,19,2004,2,0,20,0.2,0,0,0,0,0,0,0,0,0.2,0.2,0.1,0.3,0,0,5,0.00,0.00,0.00,0.00,0.00,0.91,0.24,1.16,0.91,1.16
Anthony Descotte,be BEL,"FW,MF",Utrecht,20,2003,9,5,398,4.4,2,0,2,1,1,1,0,0,1.8,1.0,0.6,1.6,5,9,20,0.45,0.00,0.45,0.23,0.23,0.41,0.13,0.55,0.24,0.37
Sergiño Dest,us USA,DF,PSV Eindhoven,23,2000,7,4,376,4.2,0,1,1,0,0,0,0,0,0.2,0.2,0.9,1.1,15,29,18,0.00,0.24,0.24,0.00,0.24,0.06,0.21,0.27,0.06,0.27
Matisse Didden,be BEL,DF,Utrecht,22,2001,16,4,518,5.8,0,0,0,0,0,0,1,0,0.5,0.5,0.1,0.6,0,15,0,0.00,0.00,0.00,0.00,0.00,0.09,0.01,0.10,0.09,0.10
Thomas Didillon,fr FRA,GK,Willem II,28,1995,34,34,3060,34.0,0,0,0,0,0,0,2,0,0.0,0.0,0.0,0.0,0,0,0,0.00,0.00,0.00,0.00,0.00,0.00,0.00,0.00,0.00,0.00
Mitchell Dijks,nl NED,DF,Fortuna Sittard,31,1993,25,20,1694,18.8,0,3,3,0,0,0,3,1,0.1,0.1,1.1,1.2,38,64,47,0.00,0.16,0.16,0.00,0.16,0.01,0.06,0.06,0.01,0.06
Elijah Dijkstra,nl NED,DF,AZ Alkmaar,17,2006,2,1,92,1.0,0,0,0,0,0,0,0,0,0.0,0.0,0.0,0.0,2,5,4,0.00,0.00,0.00,0.00,0.00,0.00,0.00,0.00,0.00,0.00
Julius Dirksen,nl NED,"DF,MF",Go Ahead Eag,21,2003,6,0,73,0.8,0,0,0,0,0,0,0,0,0.1,0.1,0.2,0.3,0,6,0,0.00,0.00,0.00,0.00,0.00,0.10,0.22,0.32,0.10,0.32
Nick Doodeman,nl NED,"FW,MF",Willem II,27,1996,26,20,1453,16.1,0,3,3,0,0,0,0,0,0.3,0.3,3.1,3.4,28,28,103,0.00,0.19,0.19,0.00,0.19,0.02,0.19,0.21,0.02,0.21
Couhaib Driouech,ma MAR,FW,PSV Eindhoven,22,2002,15,0,273,3.0,2,1,3,2,0,0,0,0,1.0,1.0,0.6,1.6,32,9,69,0.66,0.33,0.99,0.66,0.99,0.34,0.20,0.54,0.34,0.54
Joel Drommel,nl NED,GK,PSV Eindhoven,27,1996,1,0,45,0.5,0,0,0,0,0,0,0,0,0.0,0.0,0.0,0.0,0,0,0,0.00,0.00,0.00,0.00,0.00,0.00,0.00,0.00,0.00,0.00
Laros Duarte,cv CPV,MF,Groningen,27,1997,1,0,20,0.2,0,0,0,0,0,0,0,0,0.0,0.0,0.1,0.1,0,3,0,0.00,0.00,0.00,0.00,0.00,0.07,0.54,0.61,0.07,0.61
Oliver Edvardsen,no NOR,FW,Ajax,25,1999,11,1,290,3.2,4,0,4,4,0,0,1,0,2.4,2.4,0.5,2.8,7,15,31,1.24,0.00,1.24,1.24,1.24,0.74,0.14,0.88,0.74,0.88
Oliver Edvardsen,no NOR,"FW,MF",Go Ahead Eag,25,1999,14,10,888,9.9,8,3,11,8,0,0,1,0,6.1,6.1,1.4,7.5,24,28,56,0.81,0.30,1.11,0.81,1.11,0.62,0.14,0.76,0.62,0.76
Player,Nation,Pos,Squad,Age,Born,MP,Starts,Min,90s,Gls,Ast,G+A,G-PK,PK,PKatt,CrdY,CrdR,xG,npxG,xAG,npxG+xAG,PrgC,PrgP,PrgR,Gls,Ast,G+A,G-PK,G+A-PK,xG,xAG,xG+xAG,npxG,npxG+xAG
Victor Edvardsen,se SWE,"FW,MF",Go Ahead Eag,28,1996,34,32,2740,30.4,8,6,14,8,0,0,4,0,10.4,10.4,6.7,17.1,51,93,204,0.26,0.20,0.46,0.26,0.46,0.34,0.22,0.56,0.34,0.56
Espen van Ee,nl NED,MF,Heerenveen,21,2003,32,24,2236,24.8,1,2,3,1,0,0,5,0,1.4,1.4,1.1,2.5,25,104,47,0.04,0.08,0.12,0.04,0.12,0.06,0.05,0.10,0.06,0.10
Mike Eerdhuijzen,nl NED,DF,Sparta R'dam,24,2000,32,32,2803,31.1,1,0,1,1,0,0,7,1,0.9,0.9,0.5,1.5,31,194,10,0.03,0.00,0.03,0.03,0.03,0.03,0.02,0.05,0.03,0.05
Roshon van Eijma,cw CUW,DF,RKC Waalwijk,26,1998,24,22,1818,20.2,0,0,0,0,0,0,1,0,0.3,0.3,0.0,0.3,10,46,1,0.00,0.00,0.00,0.00,0.00,0.01,0.00,0.02,0.01,0.02
Carel Eiting,nl NED,MF,Sparta R'dam,26,1998,12,11,882,9.8,1,3,4,1,0,0,0,0,1.0,1.0,2.0,3.0,11,43,25,0.10,0.31,0.41,0.10,0.41,0.10,0.20,0.30,0.10,0.30
Carel Eiting,nl NED,MF,Twente,26,1998,16,6,589,6.5,2,0,2,2,0,0,2,0,1.2,1.2,2.3,3.5,18,52,21,0.31,0.00,0.31,0.31,0.31,0.19,0.35,0.53,0.19,0.53
Hjalmar Ekdal,se SWE,DF,Groningen,25,1998,14,14,1240,13.8,0,0,0,0,0,0,2,0,0.2,0.2,0.0,0.2,11,38,1,0.00,0.00,0.00,0.00,0.00,0.01,0.00,0.02,0.01,0.02
Úmaro Embaló,pt POR,FW,Fortuna Sittard,23,2001,2,0,12,0.1,0,0,0,0,0,0,0,0,0.1,0.1,0.0,0.1,0,0,2,0.00,0.00,0.00,0.00,0.00,0.52,0.00,0.52,0.52,0.52
Noam Emeran,fr FRA,"DF,MF",Groningen,21,2002,4,0,87,1.0,1,0,1,1,0,0,0,0,0.1,0.1,0.0,0.1,2,3,7,1.03,0.00,1.03,1.03,1.03,0.06,0.00,0.06,0.06,0.06
Mario Engels,de GER,"FW,MF",Heracles Almelo,30,1993,31,23,2170,24.1,4,4,8,4,0,0,2,0,5.3,5.3,3.7,9.1,64,44,145,0.17,0.17,0.33,0.17,0.33,0.22,0.16,0.38,0.22,0.38
Alonzo Engwanda,be BEL,MF,Utrecht,21,2003,21,15,1270,14.1,0,0,0,0,0,0,1,0,0.1,0.1,0.3,0.3,6,46,13,0.00,0.00,0.00,0.00,0.00,0.00,0.02,0.02,0.00,0.02
Ante Erceg,hr CRO,"FW,MF",Fortuna Sittard,34,1989,14,2,287,3.2,0,0,0,0,0,0,3,0,1.2,1.2,0.0,1.2,1,3,12,0.00,0.00,0.00,0.00,0.00,0.38,0.00,0.38,0.38,0.38
Luca Everink,nl NED,DF,Go Ahead Eag,23,2001,4,1,112,1.2,0,0,0,0,0,0,1,0,0.0,0.0,0.0,0.0,2,5,3,0.00,0.00,0.00,0.00,0.00,0.00,0.02,0.02,0.00,0.02
Juan Familia-Castillo,do DOM,"DF,FW",RKC Waalwijk,24,2000,24,18,1535,17.1,0,3,3,0,0,0,2,0,0.1,0.1,2.4,2.5,48,65,77,0.00,0.18,0.18,0.00,0.18,0.01,0.14,0.15,0.01,0.15
Kevin Felida,cw CUW,"MF,FW",RKC Waalwijk,24,1999,9,5,428,4.8,0,0,0,0,0,0,2,0,0.3,0.3,0.4,0.7,17,24,16,0.00,0.00,0.00,0.00,0.00,0.06,0.09,0.15,0.06,0.15
Saná Fernandes,pt POR,"FW,MF",NAC Breda,18,2006,15,4,497,5.5,1,0,1,1,0,0,1,1,0.3,0.3,0.5,0.8,22,25,36,0.18,0.00,0.18,0.18,0.18,0.06,0.10,0.15,0.06,0.15
Nick Fichtinger,nl NED,MF,Zwolle,20,2004,22,8,853,9.5,0,0,0,0,0,0,4,0,0.2,0.2,0.5,0.7,6,36,12,0.00,0.00,0.00,0.00,0.00,0.03,0.05,0.07,0.03,0.07
Kolbeinn Finnsson,is ISL,DF,Utrecht,24,1999,5,0,155,1.7,0,0,0,0,0,0,0,0,0.0,0.0,0.2,0.2,2,8,3,0.00,0.00,0.00,0.00,0.00,0.00,0.10,0.10,0.00,0.10
Kian Fitz-Jim,nl NED,MF,Ajax,21,2003,27,12,1233,13.7,2,1,3,2,0,0,3,0,2.1,2.1,0.7,2.9,26,83,69,0.15,0.07,0.22,0.15,0.22,0.16,0.05,0.21,0.16,0.21
Ryan Flamingo,nl NED,DF,PSV Eindhoven,21,2002,34,33,2939,32.7,0,2,2,0,0,0,2,0,2.6,2.6,0.9,3.4,30,209,11,0.00,0.06,0.06,0.00,0.06,0.08,0.03,0.11,0.08,0.11
Sherel Floranus,cw CUW,DF,Almere City,25,1998,2,2,180,2.0,0,0,0,0,0,0,1,0,0.0,0.0,0.0,0.0,2,9,5,0.00,0.00,0.00,0.00,0.00,0.00,0.00,0.00,0.00,0.00
Sherel Floranus,cw CUW,DF,Zwolle,25,1998,22,21,1758,19.5,0,1,1,0,0,0,2,0,0.8,0.8,1.1,1.9,17,49,71,0.00,0.05,0.05,0.00,0.05,0.04,0.06,0.10,0.04,0.10
Carlos Forbs,pt POR,FW,Ajax,20,2004,1,0,33,0.4,0,0,0,0,0,0,0,0,0.0,0.0,0.2,0.2,5,3,3,0.00,0.00,0.00,0.00,0.00,0.00,0.45,0.45,0.00,0.45
Ryan Fosso,ch SUI,MF,Fortuna Sittard,22,2002,30,30,2551,28.3,1,1,2,1,0,0,6,0,1.6,1.6,2.8,4.4,17,86,20,0.04,0.04,0.07,0.04,0.07,0.06,0.10,0.16,0.06,0.16
Oscar Fraulo,dk DEN,MF,Utrecht,20,2003,27,19,1711,19.0,3,3,6,3,0,0,3,0,2.1,2.1,3.1,5.2,26,63,76,0.16,0.16,0.32,0.16,0.32,0.11,0.16,0.27,0.11,0.27
Player,Nation,Pos,Squad,Age,Born,MP,Starts,Min,90s,Gls,Ast,G+A,G-PK,PK,PKatt,CrdY,CrdR,xG,npxG,xAG,npxG+xAG,PrgC,PrgP,PrgR,Gls,Ast,G+A,G-PK,G+A-PK,xG,xAG,xG+xAG,npxG,npxG+xAG
Anton Gaaei,dk DEN,DF,Ajax,21,2002,25,19,1781,19.8,3,4,7,3,0,0,5,1,1.7,1.7,4.3,6.0,64,88,157,0.15,0.20,0.35,0.15,0.35,0.09,0.22,0.30,0.09,0.30
Matt Garbett,nz NZL,"FW,MF",NAC Breda,22,2002,12,8,580,6.4,1,0,1,1,0,0,0,0,0.7,0.7,0.1,0.8,10,13,22,0.16,0.00,0.16,0.16,0.16,0.11,0.01,0.13,0.11,0.13
Anselmo García MacNulty,ie IRL,DF,Zwolle,21,2003,34,34,3060,34.0,1,0,1,1,0,0,2,0,2.4,2.4,0.7,3.1,24,137,16,0.03,0.00,0.03,0.03,0.03,0.07,0.02,0.09,0.07,0.09
Stijn van Gassel,nl NED,GK,NEC Nijmegen,27,1996,2,2,180,2.0,0,0,0,0,0,0,0,0,0.0,0.0,0.0,0.0,0,0,0,0.00,0.00,0.00,0.00,0.00,0.00,0.00,0.00,0.00,0.00
Lutsharel Geertruida,nl NED,DF,Feyenoord,24,2000,3,3,270,3.0,0,0,0,0,0,0,0,0,0.3,0.3,0.2,0.5,1,26,8,0.00,0.00,0.00,0.00,0.00,0.10,0.08,0.17,0.10,0.17
Liam van Gelderen,sr SUR,DF,RKC Waalwijk,23,2001,32,29,2697,30.0,0,0,0,0,0,0,4,0,0.4,0.4,0.6,1.0,30,72,22,0.00,0.00,0.00,0.00,0.00,0.01,0.02,0.03,0.01,0.03
Djomar Giersthove,nl NED,DF,Feyenoord,19,2005,1,0,9,0.1,0,0,0,0,0,0,0,0,0.0,0.0,0.0,0.0,0,1,0,0.00,0.00,0.00,0.00,0.00,0.00,0.00,0.00,0.00,0.00
Teun Gijselhart,nl NED,MF,Zwolle,19,2005,2,0,31,0.3,0,0,0,0,0,0,0,0,0.3,0.3,0.0,0.3,1,3,0,0.00,0.00,0.00,0.00,0.00,0.91,0.00,0.91,0.91,0.91
Santiago Giménez,mx MEX,FW,Feyenoord,23,2001,11,10,765,8.5,7,1,8,5,2,2,1,0,7.2,5.6,1.4,7.0,7,8,51,0.82,0.12,0.94,0.59,0.71,0.85,0.17,1.01,0.66,0.83
Mika Godts,be BEL,FW,Ajax,19,2005,29,20,1643,18.3,4,2,6,4,0,0,2,0,4.6,4.6,2.4,6.9,81,72,174,0.22,0.11,0.33,0.22,0.33,0.25,0.13,0.38,0.25,0.38
Wouter Goes,nl NED,DF,AZ Alkmaar,20,2004,26,23,2052,22.8,1,3,4,1,0,0,8,1,0.4,0.4,1.1,1.5,38,113,5,0.04,0.13,0.18,0.04,0.18,0.02,0.05,0.07,0.02,0.07
Facundo González,uy URU,DF,Feyenoord,21,2003,6,0,85,0.9,0,0,0,0,0,0,0,0,0.2,0.2,0.0,0.2,2,1,0,0.00,0.00,0.00,0.00,0.00,0.22,0.00,0.22,0.22,0.22
Roberto González,es ESP,"MF,FW",NEC Nijmegen,23,2001,17,12,985,10.9,2,1,3,2,0,0,1,0,3.0,3.0,0.6,3.5,21,22,42,0.18,0.09,0.27,0.18,0.27,0.27,0.05,0.32,0.27,0.32
Tristan Gooijer,nl NED,DF,Zwolle,19,2004,1,1,25,0.3,0,0,0,0,0,0,0,0,0.0,0.0,0.0,0.0,0,0,0,0.00,0.00,0.00,0.00,0.00,0.00,0.00,0.00,0.00,0.00
Marvin da Graça,lu LUX,DF,Almere City,29,1995,12,8,795,8.8,1,0,1,1,0,0,1,0,0.5,0.5,0.4,0.9,6,19,29,0.11,0.00,0.11,0.11,0.11,0.05,0.05,0.10,0.05,0.10
Simon Graves Jensen,dk DEN,DF,Zwolle,25,1999,27,27,2314,25.7,0,0,0,0,0,0,1,0,0.6,0.6,0.4,1.0,15,106,4,0.00,0.00,0.00,0.00,0.00,0.02,0.02,0.04,0.02,0.04
Leo Greiml,at AUT,DF,NAC Breda,23,2001,29,29,2586,28.7,2,0,2,2,0,0,11,2,1.2,1.2,0.9,2.1,17,72,2,0.07,0.00,0.07,0.07,0.07,0.04,0.03,0.07,0.04,0.07
Dario Grujcic,at AUT,"DF,MF",Fortuna Sittard,25,1999,14,2,276,3.1,0,1,1,0,0,0,1,0,0.1,0.1,0.2,0.3,3,13,2,0.00,0.33,0.33,0.00,0.33,0.03,0.08,0.11,0.03,0.11
Baptiste Guillaume,be BEL,"FW,MF",Almere City,29,1995,18,5,438,4.9,1,0,1,1,0,0,0,1,1.1,1.1,0.4,1.5,2,10,20,0.21,0.00,0.21,0.21,0.21,0.22,0.09,0.30,0.22,0.30
Eser Gürbüz,nl NED,FW,Heerenveen,17,2007,11,2,310,3.4,2,1,3,2,0,0,0,0,1.6,1.6,0.6,2.2,13,11,33,0.58,0.29,0.87,0.58,0.87,0.46,0.18,0.64,0.46,0.64
Rodrigo Guth,br BRA,DF,Fortuna Sittard,23,2000,31,31,2744,30.5,3,0,3,3,0,0,5,1,1.6,1.6,1.2,2.8,12,59,12,0.10,0.00,0.10,0.10,0.10,0.05,0.04,0.09,0.05,0.09
Jonathan de Guzmán,nl NED,MF,Sparta R'dam,36,1987,2,0,43,0.5,0,0,0,0,0,0,0,0,0.0,0.0,0.0,0.0,1,4,0,0.00,0.00,0.00,0.00,0.00,0.00,0.00,0.00,0.00,0.00
Anis Hadj Moussa,dz ALG,"FW,MF",Feyenoord,22,2002,30,22,1969,21.9,8,3,11,8,0,0,4,0,3.2,3.2,5.0,8.2,110,96,209,0.37,0.14,0.50,0.37,0.50,0.15,0.23,0.37,0.15,0.37
Alen Halilović,hr CRO,"MF,FW",Fortuna Sittard,28,1996,27,23,1770,19.7,2,3,5,2,0,1,2,0,4.4,3.6,2.8,6.4,37,64,60,0.10,0.15,0.25,0.10,0.25,0.23,0.14,0.37,0.19,0.33
Denzel Hall,nl NED,DF,Heerenveen,23,2001,18,5,564,6.3,0,0,0,0,0,0,2,0,0.0,0.0,0.4,0.4,4,38,9,0.00,0.00,0.00,0.00,0.00,0.01,0.06,0.07,0.01,0.07
Player,Nation,Pos,Squad,Age,Born,MP,Starts,Min,90s,Gls,Ast,G+A,G-PK,PK,PKatt,CrdY,CrdR,xG,npxG,xAG,npxG+xAG,PrgC,PrgP,PrgR,Gls,Ast,G+A,G-PK,G+A-PK,xG,xAG,xG+xAG,npxG,npxG+xAG
Sébastien Haller,ci CIV,FW,Utrecht,30,1994,16,15,1269,14.1,4,1,5,4,0,0,0,0,5.8,5.8,1.9,7.7,9,38,70,0.28,0.07,0.35,0.28,0.35,0.41,0.14,0.55,0.41,0.55
Dávid Hancko,sk SVK,DF,Feyenoord,26,1997,32,32,2880,32.0,3,1,4,3,0,0,5,0,4.9,4.9,3.9,8.8,59,224,58,0.09,0.03,0.12,0.09,0.12,0.15,0.12,0.27,0.15,0.27
Kornelius Hansen,no NOR,"FW,MF",Almere City,23,2001,33,20,1888,21.0,2,2,4,2,0,0,0,0,4.6,4.6,1.5,6.1,46,33,135,0.10,0.10,0.19,0.10,0.19,0.22,0.07,0.29,0.22,0.29
Sontje Hansen,nl NED,"FW,MF",NEC Nijmegen,22,2002,31,23,1872,20.8,6,4,10,6,0,0,3,0,4.0,4.0,4.1,8.1,77,62,161,0.29,0.19,0.48,0.29,0.48,0.19,0.20,0.39,0.19,0.39
Quilindschy Hartman,nl NED,DF,Feyenoord,22,2001,12,8,645,7.2,0,1,1,0,0,0,0,0,0.2,0.2,1.1,1.3,16,50,24,0.00,0.14,0.14,0.00,0.14,0.03,0.15,0.18,0.03,0.18
Jorrel Hato,nl NED,DF,Ajax,18,2006,31,30,2588,28.8,2,6,8,2,0,0,5,0,1.4,1.4,3.3,4.7,41,120,85,0.07,0.21,0.28,0.07,0.28,0.05,0.12,0.16,0.05,0.16
Mike Hauptmeijer,nl NED,GK,Zwolle,27,1997,4,4,360,4.0,0,0,0,0,0,0,0,0,0.0,0.0,0.0,0.0,0,0,0,0.00,0.00,0.00,0.00,0.00,0.00,0.00,0.00,0.00,0.00
Thom Haye,id IDN,MF,Almere City,29,1995,29,25,2040,22.7,0,2,2,0,0,0,7,0,1.9,1.9,3.9,5.8,28,182,32,0.00,0.09,0.09,0.00,0.09,0.08,0.17,0.26,0.08,0.26
Jordan Henderson,eng ENG,MF,Ajax,34,1990,28,21,1872,20.8,1,4,5,1,0,0,6,0,1.1,1.1,3.9,4.9,34,181,34,0.05,0.19,0.24,0.05,0.24,0.05,0.19,0.24,0.05,0.24
Lucas Vennegoor of Hesselink,nl NED,"FW,MF",Twente,18,2006,8,0,76,0.8,0,0,0,0,0,0,0,0,0.7,0.7,0.0,0.7,1,1,8,0.00,0.00,0.00,0.00,0.00,0.80,0.00,0.80,0.80,0.80
Mees Hilgers,id IDN,DF,Twente,23,2001,25,23,1874,20.8,1,1,2,1,0,0,5,0,2.7,2.7,0.2,2.9,24,102,5,0.05,0.05,0.10,0.05,0.10,0.13,0.01,0.14,0.13,0.14
Mees Hoedemakers,nl NED,MF,NEC Nijmegen,26,1998,27,19,1787,19.9,0,1,1,0,0,0,1,0,1.2,1.2,0.9,2.0,15,97,19,0.00,0.05,0.05,0.00,0.05,0.06,0.04,0.10,0.06,0.10
Justin Hoogma,nl NED,DF,Heracles Almelo,26,1998,9,1,254,2.8,2,0,2,2,0,0,0,0,1.2,1.2,0.2,1.5,3,9,2,0.71,0.00,0.71,0.71,0.71,0.44,0.09,0.52,0.44,0.52
Sydney van Hooijdonk,nl NED,FW,NAC Breda,24,2000,17,11,988,11.0,1,0,1,1,0,0,0,0,2.9,2.9,0.6,3.5,6,10,58,0.09,0.00,0.09,0.09,0.09,0.26,0.05,0.32,0.26,0.32
Nikolai Hopland,no NOR,DF,Heerenveen,20,2004,29,27,2464,27.4,2,0,2,2,0,0,0,0,1.7,1.7,0.3,1.9,24,142,2,0.07,0.00,0.07,0.07,0.07,0.06,0.01,0.07,0.06,0.07
Siebe Horemans,be BEL,DF,Utrecht,26,1998,29,26,2362,26.2,1,4,5,1,0,0,1,0,0.4,0.4,2.8,3.2,18,117,80,0.04,0.15,0.19,0.04,0.19,0.02,0.11,0.12,0.02,0.12
Jizz Hornkamp,nl NED,"FW,MF",Heracles Almelo,26,1998,26,19,1580,17.6,8,2,10,6,2,2,5,0,6.4,4.8,1.6,6.4,13,30,63,0.46,0.11,0.57,0.34,0.46,0.36,0.09,0.46,0.27,0.37
Jeroen Houwen,nl NED,GK,RKC Waalwijk,28,1996,24,24,2160,24.0,0,0,0,0,0,0,0,0,0.0,0.0,0.0,0.0,0,0,0,0.00,0.00,0.00,0.00,0.00,0.00,0.00,0.00,0.00,0.00
Johan Hove,no NOR,MF,Groningen,23,2000,20,20,1748,19.4,0,0,0,0,0,0,0,0,1.5,1.5,1.1,2.6,8,98,32,0.00,0.00,0.00,0.00,0.00,0.08,0.06,0.14,0.08,0.14
Joël Ideho,nl NED,FW,Sparta R'dam,21,2003,4,1,168,1.9,0,0,0,0,0,0,0,0,0.0,0.0,0.5,0.5,6,3,10,0.00,0.00,0.00,0.00,0.00,0.02,0.24,0.27,0.02,0.27
Younes Taha El Idrissi,ma MAR,"FW,MF",Twente,,,9,1,216,2.4,0,0,0,0,0,0,1,0,0.1,0.1,0.4,0.5,8,7,33,0.00,0.00,0.00,0.00,0.00,0.04,0.16,0.20,0.04,0.20
Mohammed Ihattaren,nl NED,"MF,FW",RKC Waalwijk,22,2002,24,17,1542,17.1,4,4,8,2,2,2,1,0,4.0,2.4,4.8,7.2,74,100,119,0.23,0.23,0.47,0.12,0.35,0.23,0.28,0.51,0.14,0.42
Hwang In-beom,kr KOR,MF,Feyenoord,27,1996,21,20,1618,18.0,3,2,5,3,0,0,5,0,1.0,1.0,3.8,4.8,23,112,50,0.17,0.11,0.28,0.17,0.28,0.05,0.21,0.26,0.05,0.26
Zidane Iqbal,iq IRQ,MF,Utrecht,21,2003,18,18,1449,16.1,1,0,1,1,0,0,3,0,0.6,0.6,1.0,1.6,15,106,11,0.06,0.00,0.06,0.06,0.06,0.04,0.06,0.10,0.04,0.10
Luka Ivanušec,hr CRO,"FW,MF",Feyenoord,25,1998,13,5,482,5.4,1,0,1,1,0,0,0,0,1.2,1.2,0.5,1.7,19,24,39,0.19,0.00,0.19,0.19,0.19,0.23,0.10,0.32,0.23,0.32
Player,Nation,Pos,Squad,Age,Born,MP,Starts,Min,90s,Gls,Ast,G+A,G-PK,PK,PKatt,CrdY,CrdR,xG,npxG,xAG,npxG+xAG,PrgC,PrgP,PrgR,Gls,Ast,G+A,G-PK,G+A-PK,xG,xAG,xG+xAG,npxG,npxG+xAG
Joey Jacobs,nl NED,DF,Almere City,24,2000,19,13,1169,13.0,1,0,1,1,0,0,1,1,0.8,0.8,0.2,0.9,6,39,3,0.08,0.00,0.08,0.08,0.08,0.06,0.01,0.07,0.06,0.07
Alireza Jahanbakhsh,ir IRN,"FW,MF",Heerenveen,30,1993,19,16,1451,16.1,3,2,5,2,1,1,3,0,3.5,2.8,3.5,6.2,33,82,158,0.19,0.12,0.31,0.12,0.25,0.22,0.21,0.43,0.17,0.39
Alexander Jakobsen,eg EGY,"FW,MF",RKC Waalwijk,30,1994,5,0,70,0.8,0,0,0,0,0,0,0,0,0.0,0.0,0.0,0.0,2,2,5,0.00,0.00,0.00,0.00,0.00,0.03,0.00,0.03,0.03,0.03
Dean James,id IDN,DF,Go Ahead Eag,24,2000,25,19,1700,18.9,2,2,4,2,0,0,3,0,1.6,1.6,4.2,5.8,37,56,85,0.11,0.11,0.21,0.11,0.21,0.09,0.22,0.31,0.09,0.31
Dominik Janošek,cz CZE,MF,NAC Breda,26,1998,28,11,1159,12.9,2,4,6,1,1,1,0,0,2.2,1.4,1.8,3.2,15,79,46,0.16,0.31,0.47,0.08,0.39,0.17,0.14,0.31,0.11,0.25
Dies Janse,nl NED,DF,Ajax,18,2006,5,3,330,3.7,0,0,0,0,0,0,0,0,0.0,0.0,0.3,0.3,13,37,3,0.00,0.00,0.00,0.00,0.00,0.01,0.08,0.08,0.01,0.08
Kai Jansen,nl NED,MF,Heerenveen,17,2007,1,0,17,0.2,0,0,0,0,0,0,0,0,0.1,0.1,0.0,0.1,0,1,2,0.00,0.00,0.00,0.00,0.00,0.52,0.00,0.52,0.52,0.52
Ali Jasim,iq IRQ,"FW,MF",Almere City,20,2004,11,4,437,4.9,1,0,1,1,0,0,0,0,0.8,0.8,1.4,2.2,20,25,42,0.21,0.00,0.21,0.21,0.21,0.16,0.29,0.45,0.16,0.45
Victor Jensen,dk DEN,MF,Utrecht,24,2000,29,10,1093,12.1,2,3,5,2,0,0,1,0,3.0,3.0,2.1,5.0,13,54,56,0.16,0.25,0.41,0.16,0.41,0.24,0.17,0.41,0.24,0.41
Owen Johnson,nl NED,"FW,MF",Fortuna Sittard,18,2005,3,0,8,0.1,0,0,0,0,0,0,0,0,0.0,0.0,0.0,0.0,0,0,3,0.00,0.00,0.00,0.00,0.00,0.00,0.00,0.00,0.00,0.00
Miliano Jonathans,nl NED,"FW,MF",Utrecht,20,2004,8,3,273,3.0,0,0,0,0,0,0,0,0,0.7,0.7,0.2,0.9,11,11,29,0.00,0.00,0.00,0.00,0.00,0.22,0.06,0.28,0.22,0.28
Luuk de Jong,nl NED,FW,PSV Eindhoven,33,1990,31,29,2445,27.2,14,8,22,12,2,4,3,0,17.8,14.6,8.1,22.8,11,71,190,0.52,0.29,0.81,0.44,0.74,0.66,0.30,0.96,0.54,0.84
Tika de Jonge,nl NED,MF,Groningen,21,2003,21,15,1271,14.1,1,1,2,1,0,0,3,1,1.0,1.0,0.6,1.6,18,76,17,0.07,0.07,0.14,0.07,0.14,0.07,0.04,0.11,0.07,0.11
Patrick Joosten,nl NED,"MF,FW",Willem II,28,1996,17,7,657,7.3,1,1,2,1,0,0,0,0,1.3,1.3,1.2,2.4,16,20,46,0.14,0.14,0.27,0.14,0.27,0.17,0.16,0.33,0.17,0.33
Mauro Júnior,br BRA,"DF,MF",PSV Eindhoven,25,1999,25,23,2011,22.3,0,6,6,0,0,0,1,0,1.4,1.4,5.0,6.4,58,121,131,0.00,0.27,0.27,0.00,0.27,0.06,0.23,0.29,0.06,0.29
Hidde Jurjus,nl NED,GK,Groningen,30,1994,2,2,180,2.0,0,0,0,0,0,0,0,0,0.0,0.0,0.0,0.0,0,0,0,0.00,0.00,0.00,0.00,0.00,0.00,0.00,0.00,0.00,0.00
Daniël van Kaam,nl NED,MF,Heracles Almelo,24,2000,27,12,1080,12.0,0,3,3,0,0,0,2,0,0.9,0.9,1.6,2.5,13,40,18,0.00,0.25,0.25,0.00,0.25,0.08,0.13,0.21,0.08,0.21
Junior Kadile,fr FRA,"FW,MF",Almere City,21,2002,30,29,2207,24.5,5,2,7,5,0,0,6,0,7.0,7.0,1.6,8.7,83,47,190,0.20,0.08,0.29,0.20,0.29,0.29,0.07,0.35,0.29,0.35
Jochem van de Kamp,nl NED,"MF,FW",Almere City,20,2003,26,22,2001,22.2,0,1,1,0,0,0,5,0,1.0,1.0,1.1,2.1,17,72,46,0.00,0.04,0.04,0.00,0.04,0.04,0.05,0.09,0.04,0.09
Ahmetcan Kaplan,tr TUR,DF,Ajax,21,2003,8,7,562,6.2,0,0,0,0,0,0,2,0,0.4,0.4,0.1,0.5,7,44,1,0.00,0.00,0.00,0.00,0.00,0.06,0.02,0.08,0.06,0.08
Daniel Karlsbakk,no NOR,FW,Heerenveen,21,2003,7,3,273,3.0,0,0,0,0,0,0,2,0,0.6,0.6,0.0,0.6,4,7,26,0.00,0.00,0.00,0.00,0.00,0.18,0.01,0.20,0.18,0.20
Souffian El Karouani,ma MAR,DF,Utrecht,23,2000,34,34,2971,33.0,2,8,10,2,0,0,3,0,1.8,1.8,6.5,8.3,98,129,188,0.06,0.24,0.30,0.06,0.30,0.05,0.20,0.25,0.05,0.25
Rick Karsdorp,nl NED,DF,PSV Eindhoven,29,1995,12,7,678,7.5,0,2,2,0,0,0,1,0,0.0,0.0,1.7,1.8,9,55,25,0.00,0.27,0.27,0.00,0.27,0.01,0.23,0.23,0.01,0.23
Neraysho Kasanwirjo,nl NED,DF,Feyenoord,22,2002,2,1,113,1.3,0,0,0,0,0,0,0,0,0.1,0.1,0.2,0.3,1,12,2,0.00,0.00,0.00,0.00,0.00,0.10,0.16,0.25,0.10,0.25
Denso Kasius,nl NED,DF,AZ Alkmaar,21,2002,30,13,1356,15.1,3,3,6,3,0,0,2,0,1.5,1.5,3.9,5.4,58,39,116,0.20,0.20,0.40,0.20,0.40,0.10,0.26,0.36,0.10,0.36
Player,Nation,Pos,Squad,Age,Born,MP,Starts,Min,90s,Gls,Ast,G+A,G-PK,PK,PKatt,CrdY,CrdR,xG,npxG,xAG,npxG+xAG,PrgC,PrgP,PrgR,Gls,Ast,G+A,G-PK,G+A-PK,xG,xAG,xG+xAG,npxG,npxG+xAG
Adam Kayed,ps PLE,"MF,DF",NAC Breda,22,2002,16,5,466,5.2,1,0,1,1,0,0,0,0,0.6,0.6,0.2,0.8,17,8,32,0.19,0.00,0.19,0.19,0.19,0.11,0.05,0.16,0.11,0.16
Dennis Kaygin,de GER,MF,Willem II,20,2004,9,1,232,2.6,0,1,1,0,0,0,0,0,0.0,0.0,0.2,0.2,1,8,8,0.00,0.39,0.39,0.00,0.39,0.00,0.08,0.08,0.00,0.08
Emilio Kehrer,de GER,"FW,MF",Willem II,22,2002,23,9,979,10.9,1,3,4,1,0,0,1,0,1.7,1.7,1.7,3.4,23,13,77,0.09,0.28,0.37,0.09,0.37,0.15,0.16,0.31,0.15,0.31
Fabian de Keijzer,nl NED,GK,Heracles Almelo,24,2000,34,34,3060,34.0,0,1,1,0,0,0,1,0,0.0,0.0,0.1,0.1,0,0,0,0.00,0.03,0.03,0.00,0.03,0.00,0.00,0.00,0.00,0.00
Boy Kemper,nl NED,DF,NAC Breda,25,1999,29,28,2407,26.7,1,3,4,1,0,0,9,0,1.2,1.2,3.8,5.0,58,97,91,0.04,0.11,0.15,0.04,0.15,0.04,0.14,0.19,0.04,0.19
Sam Kersten,nl NED,DF,Heerenveen,26,1998,30,28,2380,26.4,1,1,2,1,0,0,2,0,1.2,1.2,0.4,1.6,9,100,3,0.04,0.04,0.08,0.04,0.08,0.05,0.01,0.06,0.05,0.06
Joey Kesting,nl NED,GK,RKC Waalwijk,23,2001,3,3,270,3.0,0,0,0,0,0,0,0,0,0.0,0.0,0.0,0.0,0,0,0,0.00,0.00,0.00,0.00,0.00,0.00,0.00,0.00,0.00,0.00
Joshua Kitolano,no NOR,MF,Sparta R'dam,22,2001,27,18,1582,17.6,0,2,2,0,0,0,2,0,2.0,2.0,1.3,3.3,20,65,45,0.00,0.11,0.11,0.00,0.11,0.11,0.08,0.19,0.11,0.19
Mathias Kjølø,no NOR,MF,Twente,23,2001,22,8,865,9.6,0,1,1,0,0,0,0,0,0.2,0.2,0.5,0.6,8,56,21,0.00,0.10,0.10,0.00,0.10,0.02,0.05,0.06,0.02,0.06
Davy Klaassen,nl NED,MF,Ajax,31,1993,31,24,2177,24.2,8,2,10,7,1,1,0,0,4.3,3.5,2.6,6.1,11,99,67,0.33,0.08,0.41,0.29,0.37,0.18,0.11,0.29,0.15,0.25
Mike Kleijn,nl NED,DF,Sparta R'dam,19,2005,8,3,278,3.1,0,1,1,0,0,0,0,0,0.0,0.0,0.1,0.1,6,9,14,0.00,0.32,0.32,0.00,0.32,0.00,0.04,0.04,0.00,0.04
Mats Köhlert,de GER,DF,Heerenveen,26,1998,28,28,2479,27.5,0,5,5,0,0,0,2,1,1.4,1.4,5.6,7.0,69,156,148,0.00,0.18,0.18,0.00,0.18,0.05,0.20,0.25,0.05,0.25
Don-Angelo Konadu,nl NED,FW,Ajax,18,2006,3,1,62,0.7,0,1,1,0,0,0,0,0,0.0,0.0,0.2,0.2,2,1,8,0.00,1.45,1.45,0.00,1.45,0.05,0.28,0.33,0.05,0.33
Terence Kongolo,nl NED,DF,NAC Breda,30,1994,18,8,886,9.8,0,0,0,0,0,0,0,0,0.3,0.3,0.2,0.5,3,26,10,0.00,0.00,0.00,0.00,0.00,0.03,0.02,0.05,0.03,0.05
Luuk Koopmans,nl NED,GK,Fortuna Sittard,30,1993,6,6,540,6.0,0,0,0,0,0,0,3,0,0.0,0.0,0.0,0.0,0,0,0,0.00,0.00,0.00,0.00,0.00,0.00,0.00,0.00,0.00,0.00
Peer Koopmeiners,nl NED,"MF,DF",AZ Alkmaar,24,2000,34,33,2793,31.0,1,7,8,1,0,0,3,0,1.4,1.4,5.1,6.5,35,170,67,0.03,0.23,0.26,0.03,0.26,0.04,0.16,0.21,0.04,0.21
Hasip Korkmazyürek,de GER,MF,Fortuna Sittard,21,2003,2,0,6,0.1,0,0,0,0,0,0,0,0,0.1,0.1,0.0,0.1,1,1,1,0.00,0.00,0.00,0.00,0.00,1.19,0.00,1.19,1.19,1.19
Roy Kortsmit,nl NED,GK,NAC Breda,31,1992,1,1,90,1.0,0,0,0,0,0,0,1,0,0.0,0.0,0.0,0.0,0,0,0,0.00,0.00,0.00,0.00,0.00,0.00,0.00,0.00,0.00,0.00
Martin Koscelník,sk SVK,DF,NAC Breda,29,1995,3,0,105,1.2,0,0,0,0,0,0,1,0,0.0,0.0,0.2,0.2,1,1,2,0.00,0.00,0.00,0.00,0.00,0.02,0.15,0.17,0.02,0.17
Kacper Kostorz,pl POL,"FW,MF",NAC Breda,24,1999,24,2,563,6.3,3,0,3,3,0,0,1,0,1.9,1.9,1.1,3.0,8,5,29,0.48,0.00,0.48,0.48,0.48,0.31,0.17,0.48,0.31,0.48
Joris Kramer,nl NED,DF,Go Ahead Eag,27,1996,34,34,3046,33.8,0,1,1,0,0,0,2,0,1.7,1.7,1.2,2.9,30,136,16,0.00,0.03,0.03,0.00,0.03,0.05,0.04,0.09,0.05,0.09
Michiel Kramer,nl NED,FW,RKC Waalwijk,35,1988,22,7,844,9.4,3,0,3,3,0,0,3,1,2.6,2.6,0.4,2.9,0,15,33,0.32,0.00,0.32,0.32,0.32,0.27,0.04,0.31,0.27,0.31
Filip Krastev,bg BUL,"FW,MF",Zwolle,22,2001,31,26,2174,24.2,6,4,10,6,0,0,6,0,3.9,3.9,4.4,8.3,73,90,136,0.25,0.17,0.41,0.25,0.41,0.16,0.18,0.34,0.16,0.34
Wessel Kuhn,nl NED,DF,PSV Eindhoven,17,2006,1,0,13,0.1,0,0,0,0,0,0,0,0,0.0,0.0,0.0,0.0,0,0,1,0.00,0.00,0.00,0.00,0.00,0.00,0.00,0.00,0.00,0.00
Roy Kuijpers,nl NED,"FW,MF",NAC Breda,24,2000,9,3,235,2.6,0,0,0,0,0,0,0,0,0.8,0.8,0.3,1.1,10,4,15,0.00,0.00,0.00,0.00,0.00,0.31,0.10,0.41,0.31,0.41
Player,Nation,Pos,Squad,Age,Born,MP,Starts,Min,90s,Gls,Ast,G+A,G-PK,PK,PKatt,CrdY,CrdR,xG,npxG,xAG,npxG+xAG,PrgC,PrgP,PrgR,Gls,Ast,G+A,G-PK,G+A-PK,xG,xAG,xG+xAG,npxG,npxG+xAG
Bas Kuipers,nl NED,DF,Twente,29,1994,30,20,1724,19.2,3,3,6,3,0,0,2,1,2.0,2.0,3.0,5.0,25,72,104,0.16,0.16,0.31,0.16,0.31,0.10,0.16,0.26,0.10,0.26
Luka Kulenović,ba BIH,FW,Heracles Almelo,24,1999,24,15,1457,16.2,9,2,11,9,0,0,0,0,7.0,7.0,1.9,8.9,13,26,63,0.56,0.12,0.68,0.56,0.68,0.43,0.12,0.55,0.43,0.55
Harry Kuster,nl NED,"FW,MF",Twente,18,2005,2,0,12,0.1,0,0,0,0,0,0,0,0,0.0,0.0,0.0,0.0,1,0,0,0.00,0.00,0.00,0.00,0.00,0.34,0.00,0.34,0.34,0.34
Dave Kwakman,nl NED,"MF,FW",AZ Alkmaar,19,2004,5,2,150,1.7,0,0,0,0,0,0,1,0,0.0,0.0,0.0,0.0,2,4,2,0.00,0.00,0.00,0.00,0.00,0.00,0.00,0.00,0.00,0.00
Dave Kwakman,nl NED,"FW,MF",Groningen,19,2004,15,13,1029,11.4,2,0,2,2,0,0,0,0,1.3,1.3,0.7,2.0,19,27,49,0.17,0.00,0.17,0.17,0.17,0.11,0.06,0.17,0.11,0.17
Amine Lachkar,nl NED,MF,Willem II,21,2003,23,21,1741,19.3,0,0,0,0,0,0,5,0,0.8,0.8,0.2,1.0,19,81,12,0.00,0.00,0.00,0.00,0.00,0.04,0.01,0.05,0.04,0.05
Gustaf Lagerbielke,se SWE,DF,Twente,24,2000,20,15,1453,16.1,1,1,2,1,0,0,3,0,1.4,1.4,0.7,2.1,8,82,1,0.06,0.06,0.12,0.06,0.12,0.09,0.04,0.13,0.09,0.13
Samir Lagsir,nl NED,"MF,FW",Zwolle,21,2003,2,0,3,0.0,0,0,0,0,0,0,0,0,0.0,0.0,0.0,0.0,0,1,0,0.00,0.00,0.00,0.00,0.00,0.80,0.00,0.80,0.80,0.80
Mayckel Lahdo,se SWE,FW,AZ Alkmaar,21,2002,21,8,869,9.7,3,1,4,3,0,0,0,0,2.0,2.0,2.0,4.0,46,23,95,0.31,0.10,0.41,0.31,0.41,0.21,0.21,0.41,0.21,0.41
Boris lambert,be BEL,"MF,DF",Willem II,24,2000,26,16,1494,16.6,2,0,2,2,0,0,5,0,0.5,0.5,0.1,0.6,12,63,11,0.12,0.00,0.12,0.12,0.12,0.03,0.01,0.04,0.03,0.04
Sam Lammers,nl NED,FW,Twente,27,1997,21,19,1501,16.7,7,1,8,7,0,0,0,0,7.0,7.0,2.5,9.5,22,39,122,0.42,0.06,0.48,0.42,0.48,0.42,0.15,0.57,0.42,0.57
Kostas Lamprou,gr GRE,GK,NAC Breda,32,1991,1,1,90,1.0,0,0,0,0,0,0,0,0,0.0,0.0,0.0,0.0,0,1,0,0.00,0.00,0.00,0.00,0.00,0.00,0.00,0.00,0.00,0.00
Tygo Land,nl NED,MF,PSV Eindhoven,18,2006,5,0,32,0.4,0,0,0,0,0,0,0,0,0.0,0.0,0.0,0.0,3,3,3,0.00,0.00,0.00,0.00,0.00,0.12,0.00,0.12,0.12,0.12
Noa Lang,nl NED,FW,PSV Eindhoven,25,1999,29,23,1894,21.0,11,10,21,11,0,0,1,0,5.4,5.4,6.1,11.5,167,148,261,0.52,0.48,1.00,0.52,1.00,0.26,0.29,0.55,0.26,0.55
Tobias Lauritsen,no NOR,FW,Sparta R'dam,26,1997,33,32,2707,30.1,10,2,12,8,2,2,2,0,10.7,9.1,2.6,11.7,16,54,122,0.33,0.07,0.40,0.27,0.33,0.36,0.09,0.44,0.30,0.39
James Lawrence,wls WAL,DF,Almere City,31,1992,26,21,1755,19.5,0,1,1,0,0,0,0,0,1.2,1.2,0.6,1.8,8,56,7,0.00,0.05,0.05,0.00,0.05,0.06,0.03,0.09,0.06,0.09
Richy Ledezma,us USA,DF,PSV Eindhoven,23,2000,24,21,1709,19.0,1,1,2,1,0,0,5,0,0.6,0.6,1.9,2.5,37,169,99,0.05,0.05,0.11,0.05,0.11,0.03,0.10,0.13,0.03,0.13
Clint Leemans,nl NED,MF,NAC Breda,28,1995,27,21,1694,18.8,3,4,7,2,1,1,4,0,2.8,2.0,4.5,6.6,22,79,78,0.16,0.21,0.37,0.11,0.32,0.15,0.24,0.39,0.11,0.35
Julian Lelieveld,nl NED,"DF,MF",RKC Waalwijk,26,1997,29,24,2155,23.9,0,0,0,0,0,0,3,0,0.5,0.5,0.9,1.4,13,109,45,0.00,0.00,0.00,0.00,0.00,0.02,0.04,0.06,0.02,0.06
Bryan Limbombe,be BEL,"MF,FW",Heracles Almelo,23,2001,14,3,374,4.2,0,0,0,0,0,0,0,0,0.6,0.6,0.5,1.2,18,5,28,0.00,0.00,0.00,0.00,0.00,0.15,0.13,0.28,0.15,0.28
Marcus Linday,se SWE,MF,Heerenveen,21,2003,15,15,1264,14.0,2,2,4,2,0,0,2,0,1.2,1.2,0.9,2.1,26,80,47,0.14,0.14,0.28,0.14,0.28,0.08,0.07,0.15,0.08,0.15
Bryan Linssen,nl NED,FW,NEC Nijmegen,33,1990,15,9,806,9.0,4,0,4,4,0,0,3,0,3.5,3.5,0.2,3.7,7,9,29,0.45,0.00,0.45,0.45,0.45,0.39,0.02,0.41,0.39,0.41
Evert Linthorst,nl NED,MF,Go Ahead Eag,24,2000,33,31,2510,27.9,3,3,6,3,0,0,3,0,0.9,0.9,2.2,3.1,24,173,40,0.11,0.11,0.22,0.11,0.22,0.03,0.08,0.11,0.03,0.11
Enric Llansana,nl NED,MF,Go Ahead Eag,23,2001,33,31,2719,30.2,4,3,7,4,0,0,4,1,2.1,2.1,3.4,5.5,35,171,34,0.13,0.10,0.23,0.13,0.23,0.07,0.11,0.18,0.07,0.18
Chris Lokesa,be BEL,"FW,MF",RKC Waalwijk,19,2004,19,11,1012,11.2,3,1,4,3,0,0,3,0,2.7,2.7,0.9,3.6,39,38,68,0.27,0.09,0.36,0.27,0.36,0.24,0.08,0.32,0.24,0.32
Player,Nation,Pos,Squad,Age,Born,MP,Starts,Min,90s,Gls,Ast,G+A,G-PK,PK,PKatt,CrdY,CrdR,xG,npxG,xAG,npxG+xAG,PrgC,PrgP,PrgR,Gls,Ast,G+A,G-PK,G+A-PK,xG,xAG,xG+xAG,npxG,npxG+xAG
Tim van de Loo,,MF,RKC Waalwijk,,,27,23,1817,20.2,2,1,3,2,0,0,0,0,1.5,1.5,1.9,3.5,30,71,22,0.10,0.05,0.15,0.10,0.15,0.08,0.09,0.17,0.08,0.17
Marcos López,pe PER,MF,Feyenoord,24,1999,1,1,90,1.0,0,0,0,0,0,0,0,0,0.0,0.0,0.3,0.3,2,3,16,0.00,0.00,0.00,0.00,0.00,0.00,0.26,0.26,0.00,0.26
Jordan Lotomba,ch SUI,DF,Feyenoord,25,1998,6,6,486,5.4,1,1,2,1,0,0,0,0,0.7,0.7,0.2,0.9,12,15,6,0.19,0.19,0.37,0.19,0.37,0.14,0.04,0.17,0.14,0.17
Hirving Lozano,mx MEX,FW,PSV Eindhoven,29,1995,9,2,289,3.2,4,2,6,4,0,0,0,0,2.5,2.5,0.4,2.9,18,12,61,1.25,0.62,1.87,1.25,1.87,0.79,0.12,0.91,0.79,0.91
Sayfallah Ltaief,tn TUN,FW,Twente,24,2000,30,11,1202,13.4,1,2,3,1,0,0,0,0,1.4,1.4,3.3,4.7,84,48,172,0.07,0.15,0.22,0.07,0.22,0.11,0.25,0.36,0.11,0.36
Boyd Lucassen,nl NED,"DF,FW",NAC Breda,26,1998,18,14,1224,13.6,1,1,2,1,0,0,6,0,0.7,0.7,0.7,1.4,16,30,51,0.07,0.07,0.15,0.07,0.15,0.05,0.05,0.10,0.05,0.10
Milos Lukovic,rs SRB,FW,Heerenveen,18,2005,13,8,724,8.0,3,0,3,2,1,2,0,0,3.9,2.3,0.3,2.7,4,5,23,0.37,0.00,0.37,0.25,0.25,0.49,0.04,0.53,0.29,0.33
Thierry Lutonda,be BEL,DF,Zwolle,23,2000,11,3,472,5.2,0,0,0,0,0,0,3,1,0.2,0.2,0.1,0.3,5,16,16,0.00,0.00,0.00,0.00,0.00,0.04,0.02,0.06,0.04,0.06
Leftheris Lyratzis,gr GRE,DF,NEC Nijmegen,24,2000,15,7,684,7.6,0,2,2,0,0,0,0,0,0.2,0.2,1.7,1.9,26,19,46,0.00,0.26,0.26,0.00,0.26,0.03,0.22,0.25,0.03,0.25
Enes Mahmutovic,lu LUX,DF,NAC Breda,27,1997,10,9,711,7.9,0,0,0,0,0,0,0,1,0.3,0.3,0.3,0.6,3,13,1,0.00,0.00,0.00,0.00,0.00,0.04,0.04,0.08,0.04,0.08
Seiya Maikuma,jp JPN,DF,AZ Alkmaar,26,1997,26,21,1909,21.2,0,1,1,0,0,0,2,0,1.2,1.2,1.8,3.0,25,96,94,0.00,0.05,0.05,0.00,0.05,0.06,0.08,0.14,0.06,0.14
Tyrell Malacia,nl NED,DF,PSV Eindhoven,24,1999,8,3,385,4.3,0,0,0,0,0,0,1,0,0.2,0.2,0.4,0.6,18,30,28,0.00,0.00,0.00,0.00,0.00,0.05,0.10,0.15,0.05,0.15
Christopher Mamengi,nl NED,DF,Almere City,23,2001,7,1,229,2.5,0,0,0,0,0,0,1,0,0.0,0.0,0.0,0.0,1,3,1,0.00,0.00,0.00,0.00,0.00,0.00,0.01,0.01,0.00,0.01
Sivert Mannsverk,no NOR,MF,Ajax,22,2002,2,2,180,2.0,0,0,0,0,0,0,1,0,0.1,0.1,0.1,0.2,4,8,1,0.00,0.00,0.00,0.00,0.00,0.03,0.07,0.11,0.03,0.11
Braydon Manu,gh GHA,"FW,DF",Zwolle,27,1997,2,1,62,0.7,0,0,0,0,0,0,0,0,0.0,0.0,0.2,0.2,1,1,7,0.00,0.00,0.00,0.00,0.00,0.00,0.25,0.25,0.00,0.25
Elías Már Ómarsson,is ISL,FW,NAC Breda,29,1995,32,29,2299,25.5,8,1,9,8,0,0,0,0,9.8,9.8,1.8,11.6,18,30,88,0.31,0.04,0.35,0.31,0.35,0.39,0.07,0.45,0.39,0.45
Richonell Margaret,sr SUR,FW,RKC Waalwijk,23,2000,34,28,2515,27.9,5,7,12,4,1,1,1,0,5.0,4.2,6.5,10.7,94,50,228,0.18,0.25,0.43,0.14,0.39,0.18,0.23,0.41,0.15,0.38
Maxim Mariani,nl NED,DF,Groningen,19,2004,2,0,17,0.2,0,0,0,0,0,0,0,0,0.0,0.0,0.0,0.0,0,3,1,0.00,0.00,0.00,0.00,0.00,0.00,0.00,0.00,0.00,0.00
Iván Márquez,es ESP,DF,NEC Nijmegen,30,1994,28,24,2210,24.6,2,0,2,2,0,0,4,0,0.9,0.9,0.2,1.2,10,55,8,0.08,0.00,0.08,0.08,0.08,0.04,0.01,0.05,0.04,0.05
Bruno Martins Indi,nl NED,DF,AZ Alkmaar,32,1992,10,6,551,6.1,0,0,0,0,0,0,1,0,0.1,0.1,0.2,0.3,6,35,5,0.00,0.00,0.00,0.00,0.00,0.01,0.04,0.05,0.01,0.05
Matheus,br BRA,GK,Ajax,32,1992,9,9,810,9.0,0,1,1,0,0,0,0,0,0.0,0.0,0.3,0.3,0,1,0,0.00,0.11,0.11,0.00,0.11,0.00,0.03,0.03,0.00,0.03
Jens Mathijsen,,DF,Willem II,,,5,1,124,1.4,0,0,0,0,0,0,2,0,0.0,0.0,0.0,0.0,0,0,0,0.00,0.00,0.00,0.00,0.00,0.00,0.00,0.00,0.00,0.00
Faiz Mattoir,km COM,"FW,MF",Almere City,24,2000,11,2,283,3.1,0,0,0,0,0,0,0,0,0.3,0.3,0.4,0.7,12,7,24,0.00,0.00,0.00,0.00,0.00,0.08,0.13,0.22,0.08,0.22
Faissal Al Mazyani,be BEL,DF,RKC Waalwijk,19,2005,22,18,1635,18.2,0,1,1,0,0,0,4,2,0.4,0.4,1.5,1.9,30,65,38,0.00,0.06,0.06,0.00,0.06,0.02,0.08,0.10,0.02,0.10
Dylan Mbayo,be BEL,"FW,MF",Zwolle,22,2001,34,25,2104,23.4,4,7,11,4,0,0,2,0,3.7,3.7,2.7,6.4,116,56,221,0.17,0.30,0.47,0.17,0.47,0.16,0.11,0.27,0.16,0.27
Player,Nation,Pos,Squad,Age,Born,MP,Starts,Min,90s,Gls,Ast,G+A,G-PK,PK,PKatt,CrdY,CrdR,xG,npxG,xAG,npxG+xAG,PrgC,PrgP,PrgR,Gls,Ast,G+A,G-PK,G+A-PK,xG,xAG,xG+xAG,npxG,npxG+xAG
Mexx Meerdink,nl NED,"FW,MF",AZ Alkmaar,21,2003,27,8,906,10.1,9,0,9,9,0,0,2,0,4.4,4.4,0.9,5.3,11,29,73,0.89,0.00,0.89,0.89,0.89,0.44,0.09,0.53,0.44,0.53
Ringo Meerveld,nl NED,"MF,FW",Willem II,23,2000,33,33,2900,32.2,4,2,6,4,0,0,2,0,2.4,2.4,2.3,4.6,70,125,91,0.12,0.06,0.19,0.12,0.19,0.07,0.07,0.14,0.07,0.14
Aaron Meijers,nl NED,DF,RKC Waalwijk,36,1987,17,9,753,8.4,0,0,0,0,0,0,1,1,0.1,0.1,0.4,0.5,11,28,22,0.00,0.00,0.00,0.00,0.00,0.01,0.05,0.06,0.01,0.06
Rick Meissen,nl NED,DF,Sparta R'dam,22,2002,20,8,767,8.5,0,0,0,0,0,0,1,0,0.1,0.1,0.1,0.3,9,40,5,0.00,0.00,0.00,0.00,0.00,0.01,0.02,0.03,0.01,0.03
Rui Mendes,de GER,"MF,FW",Groningen,24,1999,14,5,517,5.7,1,1,2,1,0,0,3,0,1.1,1.1,0.8,1.9,4,5,27,0.17,0.17,0.35,0.17,0.35,0.20,0.14,0.34,0.20,0.34
Julien Mesbahi,ma MAR,FW,Twente,18,2006,1,0,3,0.0,0,0,0,0,0,0,0,0,0.0,0.0,0.0,0.0,0,0,0,0.00,0.00,0.00,0.00,0.00,0.00,0.00,0.00,0.00,0.00
Ivan Mesík,sk SVK,DF,Heracles Almelo,23,2001,33,33,2909,32.3,1,0,1,1,0,0,9,0,1.0,1.0,0.2,1.2,42,110,14,0.03,0.00,0.03,0.03,0.03,0.03,0.01,0.04,0.03,0.04
Metinho,br BRA,MF,Sparta R'dam,21,2003,12,2,361,4.0,0,0,0,0,0,0,3,0,0.3,0.3,0.3,0.5,18,29,13,0.00,0.00,0.00,0.00,0.00,0.07,0.07,0.14,0.07,0.14
Edouard Michut,fr FRA,"MF,FW",Fortuna Sittard,21,2003,18,12,1028,11.4,1,0,1,1,0,0,5,1,1.7,1.7,0.1,1.7,10,23,25,0.09,0.00,0.09,0.09,0.09,0.15,0.00,0.15,0.15,0.15
Sven Mijnans,nl NED,MF,AZ Alkmaar,24,2000,28,26,2225,24.7,6,5,11,6,0,0,4,0,7.7,7.7,4.9,12.5,28,129,144,0.24,0.20,0.44,0.24,0.44,0.31,0.20,0.51,0.31,0.51
Antoni Milambo,nl NED,MF,Feyenoord,19,2005,29,25,1978,22.0,3,5,8,3,0,0,2,0,2.0,2.0,1.7,3.7,41,83,72,0.14,0.23,0.36,0.14,0.36,0.09,0.08,0.17,0.09,0.17
Lorenzo Milani,it ITA,DF,Heracles Almelo,23,2001,7,3,275,3.1,0,0,0,0,0,0,1,0,0.1,0.1,0.2,0.2,7,5,21,0.00,0.00,0.00,0.00,0.00,0.02,0.05,0.07,0.02,0.07
Mateja Milovanovic,rs SRB,DF,Heerenveen,20,2004,2,0,16,0.2,0,0,0,0,0,0,0,0,0.0,0.0,0.0,0.0,0,1,0,0.00,0.00,0.00,0.00,0.00,0.00,0.00,0.00,0.00,0.00
David Min,nl NED,FW,Utrecht,25,1999,27,16,1249,13.9,3,0,3,3,0,0,2,0,3.6,3.6,0.4,4.0,9,14,67,0.22,0.00,0.22,0.22,0.22,0.26,0.03,0.29,0.26,0.29
Damon Mirani,nl NED,DF,Heracles Almelo,28,1996,34,34,3013,33.5,2,0,2,2,0,0,3,0,1.7,1.7,0.8,2.4,11,125,10,0.06,0.00,0.06,0.06,0.06,0.05,0.02,0.07,0.05,0.07
Jeyland Mitchell,cr CRC,DF,Feyenoord,19,2004,1,0,15,0.2,0,0,0,0,0,0,0,0,0.4,0.4,0.0,0.4,0,0,0,0.00,0.00,0.00,0.00,0.00,2.38,0.00,2.38,2.38,2.38
Shunsuke Mito,jp JPN,FW,Sparta R'dam,21,2002,30,18,1489,16.5,5,0,5,5,0,0,0,0,5.2,5.2,1.3,6.5,55,31,151,0.30,0.00,0.30,0.30,0.30,0.31,0.08,0.39,0.31,0.39
Josip Mitrović,hr CRO,"DF,MF",Fortuna Sittard,24,2000,26,9,931,10.3,2,0,2,2,0,0,1,0,1.4,1.4,1.4,2.8,17,25,51,0.19,0.00,0.19,0.19,0.19,0.14,0.14,0.27,0.14,0.27
Jakub Moder,pl POL,MF,Feyenoord,25,1999,14,14,1196,13.3,3,2,5,1,2,2,1,0,3.0,1.4,1.6,3.0,16,52,30,0.23,0.15,0.38,0.08,0.23,0.22,0.12,0.35,0.11,0.23
Jorthy Mokio,be BEL,"MF,DF",Ajax,16,2008,11,4,509,5.7,1,0,1,1,0,0,1,0,0.9,0.9,0.2,1.1,13,21,20,0.18,0.00,0.18,0.18,0.18,0.16,0.04,0.20,0.16,0.20
Lars Mol,nl NED,MF,NAC Breda,19,2004,8,2,247,2.7,0,0,0,0,0,0,0,1,0.7,0.7,0.1,0.8,2,10,10,0.00,0.00,0.00,0.00,0.00,0.24,0.04,0.28,0.24,0.28
Jamiro Monteiro,cv CPV,MF,Zwolle,30,1993,28,23,1977,22.0,2,2,4,2,0,0,5,0,2.5,2.5,3.7,6.2,20,113,92,0.09,0.09,0.18,0.09,0.18,0.11,0.17,0.28,0.11,0.28
Alex Mortensen,se SWE,"FW,MF",Groningen,22,2002,2,0,10,0.1,0,0,0,0,0,0,0,0,0.0,0.0,0.0,0.0,0,0,0,0.00,0.00,0.00,0.00,0.00,0.00,0.00,0.00,0.00,0.00
David Møller Wolfe,no NOR,DF,AZ Alkmaar,22,2002,31,30,2500,27.8,2,5,7,2,0,0,5,1,1.2,1.2,2.3,3.6,85,107,149,0.07,0.18,0.25,0.07,0.25,0.04,0.08,0.13,0.04,0.13
Chris Nadje,fr FRA,MF,Feyenoord,22,2001,8,1,195,2.2,0,0,0,0,0,0,1,0,0.4,0.4,0.1,0.5,8,6,11,0.00,0.00,0.00,0.00,0.00,0.20,0.03,0.23,0.20,0.23
Player,Nation,Pos,Squad,Age,Born,MP,Starts,Min,90s,Gls,Ast,G+A,G-PK,PK,PKatt,CrdY,CrdR,xG,npxG,xAG,npxG+xAG,PrgC,PrgP,PrgR,Gls,Ast,G+A,G-PK,G+A-PK,xG,xAG,xG+xAG,npxG,npxG+xAG
Adamo Nagalo,bf BFA,DF,PSV Eindhoven,21,2002,6,1,168,1.9,0,0,0,0,0,0,0,0,0.0,0.0,0.1,0.2,1,20,2,0.00,0.00,0.00,0.00,0.00,0.02,0.07,0.09,0.02,0.09
Adi Nalic,ba BIH,"MF,FW",Almere City,26,1997,22,7,695,7.7,1,0,1,1,0,0,2,0,1.0,1.0,0.3,1.3,16,27,44,0.13,0.00,0.13,0.13,0.13,0.13,0.04,0.17,0.13,0.17
Younes Namli,dk DEN,"FW,MF",Zwolle,30,1994,18,13,1114,12.4,4,2,6,4,0,0,1,1,2.9,2.9,2.2,5.2,43,76,68,0.32,0.16,0.48,0.32,0.48,0.24,0.18,0.42,0.24,0.42
Mohamed Nassoh,nl NED,FW,Sparta R'dam,21,2003,30,14,1621,18.0,2,2,4,2,0,0,1,0,2.1,2.1,3.5,5.7,71,105,153,0.11,0.11,0.22,0.11,0.22,0.12,0.20,0.31,0.12,0.31
Gerrit Nauber,de GER,DF,Go Ahead Eag,32,1992,32,30,2677,29.7,2,0,2,2,0,0,5,1,1.8,1.8,0.2,2.0,3,57,4,0.07,0.00,0.07,0.07,0.07,0.06,0.01,0.07,0.06,0.07
Camiel Neghli,nl NED,FW,Sparta R'dam,22,2001,20,15,1382,15.4,5,2,7,5,0,0,2,0,3.2,3.2,2.6,5.9,55,73,121,0.33,0.13,0.46,0.33,0.46,0.21,0.17,0.38,0.21,0.38
Ion Nicolaescu,md MDA,FW,Heerenveen,25,1998,25,13,1270,14.1,8,0,8,5,3,3,1,0,6.7,4.3,0.8,5.1,22,19,65,0.57,0.00,0.57,0.35,0.35,0.47,0.06,0.53,0.31,0.36
Reuven Niemeijer,nl NED,"MF,DF",RKC Waalwijk,29,1995,9,2,228,2.5,0,0,0,0,0,0,1,0,0.3,0.3,0.3,0.6,3,2,8,0.00,0.00,0.00,0.00,0.00,0.11,0.13,0.24,0.11,0.24
Bart Nieuwkoop,nl NED,"DF,MF",Feyenoord,28,1996,10,6,465,5.2,0,1,1,0,0,0,2,0,0.7,0.7,0.5,1.2,5,7,31,0.00,0.19,0.19,0.00,0.19,0.14,0.10,0.24,0.14,0.24
Olivier de Nijs,nl NED,"MF,FW",Almere City,19,2004,2,0,31,0.3,0,0,0,0,0,0,0,0,0.2,0.2,0.0,0.2,1,0,0,0.00,0.00,0.00,0.00,0.00,0.66,0.00,0.66,0.66,0.66
Rob Nizet,be BEL,DF,Willem II,22,2002,21,9,955,10.6,0,0,0,0,0,0,3,0,0.1,0.1,0.5,0.6,37,40,55,0.00,0.00,0.00,0.00,0.00,0.01,0.05,0.06,0.01,0.06
Kristian Nökkvi Hlynsson,is ISL,MF,Sparta R'dam,20,2004,14,14,1211,13.5,2,3,5,2,0,0,0,0,2.9,2.9,1.7,4.6,20,52,61,0.15,0.22,0.37,0.15,0.37,0.21,0.13,0.34,0.21,0.34
Kristian Nökkvi Hlynsson,is ISL,"MF,FW",Ajax,20,2004,4,3,186,2.1,1,0,1,1,0,0,0,0,0.6,0.6,0.0,0.6,4,4,11,0.48,0.00,0.48,0.48,0.48,0.29,0.02,0.31,0.29,0.31
Andries Noppert,nl NED,GK,Heerenveen,30,1994,16,16,1365,15.2,0,0,0,0,0,0,1,0,0.0,0.0,0.0,0.0,0,0,0,0.00,0.00,0.00,0.00,0.00,0.00,0.00,0.00,0.00,0.00
Ché Nunnely,nl NED,"FW,MF",Heerenveen,25,1999,16,1,258,2.9,0,2,2,0,0,0,0,0,0.1,0.1,0.6,0.7,12,3,25,0.00,0.70,0.70,0.00,0.70,0.03,0.20,0.23,0.03,0.23
Bram Nuytinck,nl NED,DF,NEC Nijmegen,34,1990,26,20,1689,18.8,1,0,1,1,0,0,4,0,1.1,1.1,0.5,1.6,8,55,10,0.05,0.00,0.05,0.05,0.05,0.06,0.03,0.09,0.06,0.09
Armando Obispo,nl NED,DF,PSV Eindhoven,25,1999,14,4,420,4.7,1,0,1,1,0,0,1,0,0.4,0.4,0.0,0.4,7,36,1,0.21,0.00,0.21,0.21,0.21,0.10,0.00,0.10,0.10,0.10
Koki Ogawa,jp JPN,FW,NEC Nijmegen,26,1997,24,20,1598,17.8,7,1,8,6,1,1,1,0,8.7,8.0,1.2,9.2,6,13,47,0.39,0.06,0.45,0.34,0.39,0.49,0.07,0.56,0.45,0.52
Noah Ohio,nl NED,FW,Utrecht,21,2003,23,4,679,7.5,5,0,5,4,1,1,4,0,4.6,3.8,1.3,5.2,22,8,53,0.66,0.00,0.66,0.53,0.53,0.61,0.18,0.79,0.51,0.68
Lars Olden Larsen,no NOR,"MF,FW",NEC Nijmegen,25,1998,9,4,343,3.8,0,0,0,0,0,0,0,0,0.5,0.5,0.2,0.7,4,11,14,0.00,0.00,0.00,0.00,0.00,0.13,0.05,0.18,0.13,0.18
Fredrik Oldrup Jensen,no NOR,MF,NAC Breda,31,1993,24,15,1287,14.3,0,0,0,0,0,0,1,0,1.0,1.0,0.5,1.5,8,64,12,0.00,0.00,0.00,0.00,0.00,0.07,0.03,0.11,0.07,0.11
Nick Olij,nl NED,GK,Sparta R'dam,28,1995,34,34,3060,34.0,0,1,1,0,0,0,1,0,0.0,0.0,1.6,1.6,0,0,0,0.00,0.03,0.03,0.00,0.03,0.00,0.05,0.05,0.00,0.05
Lucas Oliveira Rosa,br BRA,DF,Ajax,24,2000,5,3,246,2.7,0,1,1,0,0,0,1,0,0.0,0.0,0.2,0.3,9,9,4,0.00,0.37,0.37,0.00,0.37,0.01,0.08,0.10,0.01,0.10
Simon Olsson,se SWE,MF,Heerenveen,26,1997,12,9,787,8.7,1,1,2,1,0,0,1,0,0.7,0.7,1.7,2.4,6,41,32,0.11,0.11,0.23,0.11,0.23,0.08,0.20,0.28,0.08,0.28
Basar Onal,tr TUR,"FW,MF",NEC Nijmegen,20,2004,33,11,1386,15.4,1,2,3,1,0,0,3,0,3.1,3.1,1.8,4.8,64,28,134,0.06,0.13,0.19,0.06,0.19,0.20,0.11,0.31,0.20,0.31
Player,Nation,Pos,Squad,Age,Born,MP,Starts,Min,90s,Gls,Ast,G+A,G-PK,PK,PKatt,CrdY,CrdR,xG,npxG,xAG,npxG+xAG,PrgC,PrgP,PrgR,Gls,Ast,G+A,G-PK,G+A-PK,xG,xAG,xG+xAG,npxG,npxG+xAG
Diego van Oorschot,nl NED,"MF,FW",Heracles Almelo,18,2005,3,0,24,0.3,0,0,0,0,0,0,0,0,0.0,0.0,0.0,0.0,2,1,2,0.00,0.00,0.00,0.00,0.00,0.00,0.00,0.00,0.00,0.00
Thijs Oosting,nl NED,"FW,MF",Groningen,24,2000,22,8,784,8.7,1,0,1,1,0,0,0,0,1.1,1.1,0.8,1.9,10,31,53,0.11,0.00,0.11,0.11,0.11,0.13,0.09,0.21,0.13,0.21
Fredrik Oppegard,no NOR,DF,PSV Eindhoven,21,2002,6,3,276,3.1,0,0,0,0,0,0,0,0,0.3,0.3,0.6,0.9,16,15,41,0.00,0.00,0.00,0.00,0.00,0.09,0.20,0.29,0.09,0.29
Yanick van Osch,nl NED,GK,RKC Waalwijk,27,1997,3,3,270,3.0,0,0,0,0,0,0,0,0,0.0,0.0,0.0,0.0,0,0,0,0.00,0.00,0.00,0.00,0.00,0.00,0.00,0.00,0.00,0.00
Ibrahim Osman,gh GHA,"FW,MF",Feyenoord,19,2004,22,6,790,8.8,3,3,6,3,0,0,2,0,2.0,2.0,1.6,3.6,45,20,106,0.34,0.34,0.68,0.34,0.68,0.23,0.19,0.41,0.23,0.41
Sami Ouaissa,nl NED,"MF,FW",NEC Nijmegen,19,2004,33,20,1846,20.5,7,1,8,7,0,0,3,0,3.9,3.9,2.6,6.5,31,40,107,0.34,0.05,0.39,0.34,0.39,0.19,0.13,0.31,0.19,0.31
Ayoub Oufkir,nl NED,"FW,DF",Sparta R'dam,18,2006,6,0,48,0.5,0,1,1,0,0,0,0,0,0.1,0.1,0.2,0.3,2,5,8,0.00,1.87,1.87,0.00,1.87,0.13,0.34,0.47,0.13,0.47
Yassin Oukili,nl NED,MF,RKC Waalwijk,23,2001,32,26,2208,24.5,6,3,9,6,0,0,4,1,4.5,4.5,2.1,6.6,40,79,83,0.24,0.12,0.37,0.24,0.37,0.18,0.09,0.27,0.18,0.27
Thomas Ouwejan,nl NED,"DF,FW",NEC Nijmegen,27,1996,29,19,1792,19.9,2,5,7,1,1,1,1,0,2.1,1.3,5.2,6.5,33,54,93,0.10,0.25,0.35,0.05,0.30,0.10,0.26,0.37,0.07,0.33
Rome-Jayden Owusu-Oduro,nl NED,GK,AZ Alkmaar,20,2004,28,28,2520,28.0,0,0,0,0,0,0,0,0,0.0,0.0,0.0,0.0,0,0,0,0.00,0.00,0.00,0.00,0.00,0.00,0.00,0.00,0.00,0.00
Igor Paixão,br BRA,"FW,MF",Feyenoord,24,2000,34,34,2872,31.9,16,10,26,16,0,0,0,0,10.6,10.6,6.9,17.4,138,101,321,0.50,0.31,0.81,0.50,0.81,0.33,0.22,0.55,0.33,0.55
Troy Parrott,ie IRL,FW,AZ Alkmaar,22,2002,28,27,2176,24.2,14,2,16,12,2,2,0,0,14.9,13.5,3.3,16.7,32,32,153,0.58,0.08,0.66,0.50,0.58,0.62,0.13,0.75,0.56,0.69
Remko Pasveer,nl NED,GK,Ajax,40,1983,24,24,2160,24.0,0,1,1,0,0,0,0,0,0.0,0.0,0.4,0.4,0,2,0,0.00,0.04,0.04,0.00,0.04,0.00,0.02,0.02,0.00,0.02
Raul Paula,de GER,"FW,MF",NAC Breda,20,2004,18,9,742,8.2,0,2,2,0,0,0,0,0,0.9,0.9,0.9,1.9,24,20,37,0.00,0.24,0.24,0.00,0.24,0.12,0.11,0.23,0.12,0.23
Marcus Pedersen,no NOR,MF,Feyenoord,24,2000,1,0,12,0.1,0,0,0,0,0,0,0,0,0.0,0.0,0.0,0.0,1,2,3,0.00,0.00,0.00,0.00,0.00,0.00,0.00,0.00,0.00,0.00
Marvin Peersman,be BEL,DF,Groningen,33,1991,26,20,1806,20.1,0,2,2,0,0,0,7,1,0.2,0.2,0.7,0.9,19,96,68,0.00,0.10,0.10,0.00,0.10,0.01,0.04,0.05,0.01,0.05
Joey Pelupessy,id IDN,"MF,DF",Groningen,31,1993,13,1,298,3.3,0,1,1,0,0,0,0,0,0.0,0.0,0.2,0.2,2,15,1,0.00,0.30,0.30,0.00,0.30,0.00,0.05,0.05,0.00,0.05
Alexandre Penetra,pt POR,DF,AZ Alkmaar,22,2001,31,31,2594,28.8,0,0,0,0,0,0,5,1,1.2,1.2,0.9,2.1,22,137,3,0.00,0.00,0.00,0.00,0.00,0.04,0.03,0.07,0.04,0.07
Ricardo Pepi,us USA,FW,PSV Eindhoven,21,2003,18,5,693,7.7,11,2,13,11,0,0,1,0,5.9,5.9,1.0,7.0,10,13,53,1.43,0.26,1.69,1.43,1.69,0.77,0.13,0.90,0.77,0.90
Brayann Pereira,fr FRA,DF,NEC Nijmegen,21,2003,31,25,2098,23.3,3,2,5,3,0,0,3,0,1.5,1.5,1.6,3.1,66,54,98,0.13,0.09,0.21,0.13,0.21,0.06,0.07,0.13,0.06,0.13
Lucas Pérez,es ESP,"FW,MF",PSV Eindhoven,35,1988,2,0,18,0.2,0,0,0,0,0,0,0,0,0.1,0.1,0.0,0.1,0,1,1,0.00,0.00,0.00,0.00,0.00,0.34,0.15,0.48,0.34,0.48
Ivan Perišić,hr CRO,FW,PSV Eindhoven,35,1989,27,21,1799,20.0,9,9,18,9,0,0,4,0,4.8,4.8,5.4,10.3,75,93,248,0.45,0.45,0.90,0.45,0.90,0.24,0.27,0.51,0.24,0.51
Kristoffer Peterson,se SWE,"FW,MF",Fortuna Sittard,29,1994,30,22,1818,20.2,7,2,9,4,3,3,5,0,5.6,3.2,3.5,6.8,87,55,164,0.35,0.10,0.45,0.20,0.30,0.28,0.17,0.45,0.16,0.33
Hristiyan Petrov,bg BUL,DF,Heerenveen,22,2002,6,4,359,4.0,1,0,1,1,0,0,0,0,0.3,0.3,0.0,0.3,1,11,9,0.25,0.00,0.25,0.25,0.25,0.07,0.00,0.07,0.07,0.07
Oscar Pettersson,se SWE,"FW,MF",Go Ahead Eag,24,2000,7,1,189,2.1,0,0,0,0,0,0,0,0,0.3,0.3,0.6,0.9,4,8,24,0.00,0.00,0.00,0.00,0.00,0.16,0.28,0.45,0.16,0.45
Player,Nation,Pos,Squad,Age,Born,MP,Starts,Min,90s,Gls,Ast,G+A,G-PK,PK,PKatt,CrdY,CrdR,xG,npxG,xAG,npxG+xAG,PrgC,PrgP,PrgR,Gls,Ast,G+A,G-PK,G+A-PK,xG,xAG,xG+xAG,npxG,npxG+xAG
Ivo Pinto,pt POR,DF,Fortuna Sittard,34,1990,31,29,2507,27.9,0,3,3,0,0,0,3,0,0.2,0.2,2.5,2.7,69,99,107,0.00,0.11,0.11,0.00,0.11,0.01,0.09,0.10,0.01,0.10
Miodrag Pivas,rs SRB,"MF,DF",Willem II,19,2005,5,0,34,0.4,0,0,0,0,0,0,0,0,0.0,0.0,0.0,0.0,0,1,0,0.00,0.00,0.00,0.00,0.00,0.00,0.00,0.00,0.00,0.00
Luca Plogmann,de GER,GK,Go Ahead Eag,24,2000,18,18,1620,18.0,0,0,0,0,0,0,0,0,0.0,0.0,0.0,0.0,0,1,0,0.00,0.00,0.00,0.00,0.00,0.00,0.00,0.00,0.00,0.00
Jan Plug,nl NED,DF,Feyenoord,19,2005,1,0,2,0.0,0,0,0,0,0,0,0,0,0.0,0.0,0.0,0.0,1,1,0,0.00,0.00,0.00,0.00,0.00,0.00,0.00,0.00,0.00,0.00
Suf Podgoreanu,il ISR,"FW,MF",Heracles Almelo,22,2002,32,28,2337,26.0,1,5,6,1,0,0,3,0,3.4,3.4,3.9,7.3,77,56,165,0.04,0.19,0.23,0.04,0.23,0.13,0.15,0.28,0.13,0.28
Emanuel Poku,nl NED,FW,Almere City,19,2005,4,0,145,1.6,0,0,0,0,0,0,1,0,0.3,0.3,0.0,0.4,2,0,8,0.00,0.00,0.00,0.00,0.00,0.22,0.01,0.23,0.22,0.23
Ernest Poku,nl NED,FW,AZ Alkmaar,20,2004,23,17,1536,17.1,2,3,5,2,0,0,2,0,4.7,4.7,3.7,8.4,82,26,124,0.12,0.18,0.29,0.12,0.29,0.27,0.22,0.49,0.27,0.49
Romano Postema,nl NED,"FW,MF",Groningen,22,2002,29,13,1207,13.4,2,0,2,1,1,1,2,0,3.6,2.8,0.3,3.1,14,20,71,0.15,0.00,0.15,0.07,0.07,0.27,0.02,0.29,0.21,0.23
Wouter Prins,nl NED,DF,Groningen,20,2004,26,19,1662,18.5,1,1,2,1,0,0,2,0,0.6,0.6,1.1,1.7,16,33,45,0.05,0.05,0.11,0.05,0.11,0.03,0.06,0.09,0.03,0.09
Dirk Proper,nl NED,MF,NEC Nijmegen,22,2002,26,25,2159,24.0,0,1,1,0,0,0,3,0,1.4,1.4,1.2,2.6,10,115,27,0.00,0.04,0.04,0.00,0.04,0.06,0.05,0.11,0.06,0.11
Ruben Providence,ht HAI,"FW,MF",Almere City,23,2001,22,3,525,5.8,0,2,2,0,0,0,2,0,0.6,0.6,0.9,1.5,15,10,36,0.00,0.34,0.34,0.00,0.34,0.11,0.15,0.25,0.11,0.25
Jeffry Puriel,bq BOE,FW,Almere City,21,2002,1,0,25,0.3,0,0,0,0,0,0,0,0,0.0,0.0,0.0,0.0,0,0,1,0.00,0.00,0.00,0.00,0.00,0.00,0.00,0.00,0.00,0.00
Teo Quintero,ve VEN,DF,Sparta R'dam,25,1999,12,6,573,6.4,1,0,1,1,0,0,1,0,0.3,0.3,0.0,0.3,3,28,0,0.16,0.00,0.16,0.16,0.16,0.05,0.00,0.05,0.05,0.05
Bojan Radulovic,rs SRB,FW,Fortuna Sittard,24,1999,11,5,544,6.0,1,0,1,1,0,0,1,0,1.6,1.6,0.4,2.0,2,13,21,0.17,0.00,0.17,0.17,0.17,0.27,0.07,0.33,0.27,0.33
Dimitris Rallis,nl NED,FW,Heerenveen,19,2005,23,12,871,9.7,2,1,3,2,0,0,1,0,2.3,2.3,0.6,2.9,11,18,66,0.21,0.10,0.31,0.21,0.31,0.24,0.06,0.30,0.24,0.30
Diant Ramaj,de GER,GK,Ajax,22,2001,1,1,90,1.0,0,0,0,0,0,0,0,0,0.0,0.0,0.0,0.0,0,0,0,0.00,0.00,0.00,0.00,0.00,0.00,0.00,0.00,0.00,0.00
Christian Rasmussen,dk DEN,FW,Ajax,21,2003,10,1,219,2.4,1,0,1,1,0,0,1,0,0.9,0.9,0.3,1.3,13,12,35,0.41,0.00,0.41,0.41,0.41,0.38,0.14,0.52,0.38,0.52
Khaled Razak,nl NED,FW,Willem II,18,2005,1,0,5,0.1,0,0,0,0,0,0,0,0,0.0,0.0,0.0,0.0,0,0,2,0.00,0.00,0.00,0.00,0.00,0.00,0.00,0.00,0.00,0.00
Givairo Read,nl NED,DF,Feyenoord,18,2006,26,22,1979,22.0,2,6,8,2,0,0,2,1,2.0,2.0,4.0,5.9,43,92,97,0.09,0.27,0.36,0.09,0.36,0.09,0.18,0.27,0.09,0.27
Tim Receveur,nl NED,MF,Almere City,33,1991,4,1,133,1.5,0,0,0,0,0,0,0,0,0.0,0.0,0.0,0.0,1,5,2,0.00,0.00,0.00,0.00,0.00,0.00,0.00,0.00,0.00,0.00
Zepiqueno Redmond,nl NED,FW,Feyenoord,18,2006,4,2,158,1.8,0,0,0,0,0,0,0,0,0.1,0.1,0.1,0.2,2,1,6,0.00,0.00,0.00,0.00,0.00,0.04,0.05,0.09,0.04,0.09
Youri Regeer,nl NED,"MF,DF",Ajax,20,2003,4,1,114,1.3,1,1,2,1,0,0,1,0,0.8,0.8,0.8,1.6,1,5,2,0.79,0.79,1.58,0.79,1.58,0.62,0.65,1.27,0.62,1.27
Youri Regeer,nl NED,MF,Twente,20,2003,19,16,1342,14.9,0,0,0,0,0,0,2,0,0.7,0.7,1.9,2.6,25,98,76,0.00,0.00,0.00,0.00,0.00,0.05,0.13,0.17,0.05,0.17
Eliano Reijnders,id IDN,DF,Zwolle,23,2000,21,11,1207,13.4,1,0,1,1,0,0,1,0,0.5,0.5,0.8,1.3,22,51,56,0.07,0.00,0.07,0.07,0.07,0.04,0.06,0.10,0.04,0.10
Boyd Reith,nl NED,DF,Sparta R'dam,25,1999,13,9,870,9.7,0,0,0,0,0,0,2,0,0.2,0.2,0.8,0.9,13,41,64,0.00,0.00,0.00,0.00,0.00,0.02,0.08,0.10,0.02,0.10
Player,Nation,Pos,Squad,Age,Born,MP,Starts,Min,90s,Gls,Ast,G+A,G-PK,PK,PKatt,CrdY,CrdR,xG,npxG,xAG,npxG+xAG,PrgC,PrgP,PrgR,Gls,Ast,G+A,G-PK,G+A-PK,xG,xAG,xG+xAG,npxG,npxG+xAG
Devyne Rensch,nl NED,DF,Ajax,21,2003,14,13,1113,12.4,1,0,1,1,0,0,2,0,1.2,1.2,1.7,2.9,16,72,47,0.08,0.00,0.08,0.08,0.08,0.10,0.13,0.23,0.10,0.23
Marco Rente,de GER,DF,Groningen,27,1997,30,30,2590,28.8,2,1,3,2,0,0,4,1,1.4,1.4,1.4,2.8,22,114,50,0.07,0.03,0.10,0.07,0.10,0.05,0.05,0.10,0.05,0.10
Stije Resink,nl NED,MF,Almere City,21,2003,3,3,238,2.6,0,0,0,0,0,0,1,0,0.1,0.1,0.3,0.3,0,10,6,0.00,0.00,0.00,0.00,0.00,0.02,0.11,0.13,0.02,0.13
Stije Resink,nl NED,MF,Groningen,21,2003,26,25,2127,23.6,5,2,7,5,0,0,7,0,2.7,2.7,1.3,4.1,36,115,29,0.21,0.08,0.30,0.21,0.30,0.12,0.06,0.17,0.12,0.17
Milan Robberechts,be BEL,MF,Fortuna Sittard,20,2004,2,0,10,0.1,0,0,0,0,0,0,0,0,0.0,0.0,0.0,0.0,0,0,4,0.00,0.00,0.00,0.00,0.00,0.00,0.00,0.00,0.00,0.00
Thomas Robinet,fr FRA,"MF,FW",Almere City,27,1996,32,32,2704,30.0,2,2,4,2,0,0,4,0,5.5,5.5,4.1,9.6,13,63,115,0.07,0.07,0.13,0.07,0.13,0.18,0.14,0.32,0.18,0.32
Miguel Rodríguez,es ESP,"FW,MF",Utrecht,21,2003,22,15,1241,13.8,7,3,10,7,0,0,5,0,4.4,4.4,3.7,8.0,44,42,118,0.51,0.22,0.73,0.51,0.73,0.32,0.27,0.58,0.32,0.58
Robin Roefs,nl NED,GK,NEC Nijmegen,21,2003,32,32,2880,32.0,0,0,0,0,0,0,0,0,0.0,0.0,0.1,0.1,0,4,0,0.00,0.00,0.00,0.00,0.00,0.00,0.00,0.00,0.00,0.00
Godfried Roemeratoe,cw CUW,MF,RKC Waalwijk,24,1999,25,17,1517,16.9,1,1,2,1,0,0,3,0,0.7,0.7,0.5,1.3,14,66,6,0.06,0.06,0.12,0.06,0.12,0.04,0.03,0.08,0.04,0.08
Ole Romeny,id IDN,FW,Utrecht,24,2000,13,8,726,8.1,2,0,2,2,0,0,2,0,1.8,1.8,0.3,2.1,28,21,77,0.25,0.00,0.25,0.25,0.25,0.23,0.04,0.27,0.23,0.27
Bart van Rooij,nl NED,DF,Twente,23,2001,32,32,2852,31.7,1,4,5,1,0,0,1,0,1.2,1.2,3.6,4.7,65,172,104,0.03,0.13,0.16,0.03,0.16,0.04,0.11,0.15,0.04,0.15
Bart van Rooij,nl NED,DF,NEC Nijmegen,23,2001,2,2,177,2.0,0,1,1,0,0,0,0,0,0.0,0.0,0.1,0.2,2,3,3,0.00,0.51,0.51,0.00,0.51,0.01,0.07,0.08,0.01,0.08
Kaj de Rooij,nl NED,"FW,MF",Zwolle,23,2000,21,0,330,3.7,2,1,3,2,0,0,3,0,0.3,0.3,0.3,0.7,7,15,31,0.55,0.27,0.82,0.55,0.82,0.09,0.09,0.18,0.09,0.18
Ruben Roosken,nl NED,DF,Heracles Almelo,24,2000,16,15,1222,13.6,1,2,3,1,0,0,4,0,0.2,0.2,1.7,1.9,28,36,76,0.07,0.15,0.22,0.07,0.22,0.01,0.13,0.14,0.01,0.14
Loreintz Rosier,fr FRA,"MF,DF",Fortuna Sittard,25,1998,31,24,2148,23.9,3,1,4,3,0,0,6,0,1.5,1.5,1.0,2.4,24,98,15,0.13,0.04,0.17,0.13,0.17,0.06,0.04,0.10,0.06,0.10
Daan Rots,nl NED,FW,Twente,23,2001,32,27,2173,24.1,3,6,9,3,0,0,4,0,4.8,4.8,4.3,9.1,39,106,195,0.12,0.25,0.37,0.12,0.37,0.20,0.18,0.38,0.20,0.38
Mats Rots,nl NED,DF,Heracles Almelo,18,2006,15,15,1317,14.6,1,0,1,1,0,0,0,0,1.0,1.0,0.8,1.8,19,43,38,0.07,0.00,0.07,0.07,0.07,0.07,0.05,0.12,0.07,0.12
Manu Royo,es ESP,DF,NAC Breda,30,1994,3,1,106,1.2,0,0,0,0,0,0,0,0,0.0,0.0,0.0,0.0,0,2,4,0.00,0.00,0.00,0.00,0.00,0.03,0.00,0.03,0.03,0.03
Daniele Rugani,it ITA,DF,Ajax,30,1994,15,7,710,7.9,0,0,0,0,0,0,1,0,0.3,0.3,0.1,0.4,5,51,0,0.00,0.00,0.00,0.00,0.00,0.04,0.01,0.05,0.04,0.05
Pim Saathof,nl NED,DF,Go Ahead Eag,20,2003,1,1,77,0.9,0,0,0,0,0,0,0,0,0.0,0.0,0.0,0.0,1,1,0,0.00,0.00,0.00,0.00,0.00,0.00,0.00,0.00,0.00,0.00
Michal Sadílek,cz CZE,"MF,DF",Twente,25,1999,21,18,1599,17.8,2,4,6,2,0,0,3,0,0.5,0.5,2.1,2.6,24,74,34,0.11,0.23,0.34,0.11,0.34,0.03,0.12,0.15,0.03,0.15
Ibrahim Sadiq,gh GHA,FW,AZ Alkmaar,24,2000,19,12,976,10.8,6,4,10,6,0,0,1,0,2.9,2.9,4.2,7.0,20,34,80,0.55,0.37,0.92,0.55,0.92,0.27,0.38,0.65,0.27,0.65
Danilo Al Saed,iq IRQ,"MF,FW",Heerenveen,25,1999,6,2,202,2.2,0,0,0,0,0,0,0,0,0.0,0.0,0.0,0.1,9,10,29,0.00,0.00,0.00,0.00,0.00,0.01,0.02,0.03,0.01,0.03
Ismael Saibari,ma MAR,MF,PSV Eindhoven,23,2001,29,20,1782,19.8,11,11,22,11,0,0,2,0,11.2,11.2,3.8,15.0,81,111,172,0.56,0.56,1.11,0.56,1.11,0.57,0.19,0.76,0.57,0.76
Anass Salah-Eddine,nl NED,DF,Twente,22,2002,18,15,1280,14.2,2,2,4,2,0,0,1,0,0.7,0.7,1.4,2.1,55,76,80,0.14,0.14,0.28,0.14,0.28,0.05,0.10,0.15,0.05,0.15
Player,Nation,Pos,Squad,Age,Born,MP,Starts,Min,90s,Gls,Ast,G+A,G-PK,PK,PKatt,CrdY,CrdR,xG,npxG,xAG,npxG+xAG,PrgC,PrgP,PrgR,Gls,Ast,G+A,G-PK,G+A-PK,xG,xAG,xG+xAG,npxG,npxG+xAG
Giandro Sambo,cw CUW,"FW,DF",Heracles Almelo,17,2006,2,0,14,0.2,0,0,0,0,0,0,0,0,0.0,0.0,0.0,0.0,1,0,1,0.00,0.00,0.00,0.00,0.00,0.00,0.00,0.00,0.00,0.00
Philippe Sandler,nl NED,DF,NEC Nijmegen,27,1997,19,19,1406,15.6,0,0,0,0,0,0,1,0,0.2,0.2,0.7,0.9,21,88,11,0.00,0.00,0.00,0.00,0.00,0.01,0.04,0.05,0.01,0.05
Cisse Sandra,be BEL,"FW,MF",Willem II,20,2003,26,22,1873,20.8,4,2,6,4,0,0,1,0,3.0,3.0,1.0,4.0,26,42,93,0.19,0.10,0.29,0.19,0.29,0.15,0.05,0.19,0.15,0.19
Kodai Sano,jp JPN,"MF,FW",NEC Nijmegen,20,2003,25,23,1970,21.9,2,2,4,2,0,0,3,1,1.5,1.5,1.6,3.1,20,72,44,0.09,0.09,0.18,0.09,0.18,0.07,0.07,0.14,0.07,0.14
Leo Sauer,sk SVK,"MF,FW",NAC Breda,18,2005,31,29,2482,27.6,7,2,9,6,1,1,2,0,5.5,4.7,2.7,7.5,124,65,197,0.25,0.07,0.33,0.22,0.29,0.20,0.10,0.30,0.17,0.27
Yousri Sbai,nl NED,"DF,MF",NEC Nijmegen,19,2004,2,0,12,0.1,0,0,0,0,0,0,0,0,0.0,0.0,0.0,0.0,0,0,0,0.00,0.00,0.00,0.00,0.00,0.00,0.00,0.00,0.00,0.00
Jasper Schendelaar,nl NED,GK,Zwolle,23,2000,30,30,2700,30.0,0,2,2,0,0,0,0,0,0.0,0.0,1.1,1.1,0,1,0,0.00,0.07,0.07,0.00,0.07,0.00,0.04,0.04,0.00,0.04
Tristan Schenkhuizen,nl NED,"MF,FW",Fortuna Sittard,20,2004,3,0,7,0.1,0,0,0,0,0,0,0,0,0.0,0.0,0.0,0.0,0,1,0,0.00,0.00,0.00,0.00,0.00,0.58,0.00,0.58,0.58,0.58
Sem Scheperman,nl NED,MF,Heracles Almelo,22,2002,23,17,1639,18.2,1,1,2,1,0,0,7,1,1.2,1.2,0.3,1.4,13,59,18,0.05,0.05,0.11,0.05,0.11,0.06,0.01,0.08,0.06,0.08
Lasse Schöne,dk DEN,MF,NEC Nijmegen,38,1986,17,2,298,3.3,0,0,0,0,0,0,1,1,0.1,0.1,0.0,0.1,5,33,8,0.00,0.00,0.00,0.00,0.00,0.03,0.01,0.04,0.03,0.04
Erik Schouten,nl NED,DF,Willem II,32,1991,18,18,1577,17.5,0,0,0,0,0,0,2,0,0.4,0.4,0.0,0.4,2,41,1,0.00,0.00,0.00,0.00,0.00,0.02,0.00,0.02,0.02,0.02
Jerdy Schouten,nl NED,MF,PSV Eindhoven,27,1997,18,15,1295,14.4,1,2,3,1,0,0,1,0,0.8,0.8,1.9,2.8,20,104,35,0.07,0.14,0.21,0.07,0.21,0.06,0.13,0.19,0.06,0.19
Lewis Schouten,nl NED,MF,AZ Alkmaar,20,2004,1,0,1,0.0,0,0,0,0,0,0,0,0,0.0,0.0,0.0,0.0,0,0,0,0.00,0.00,0.00,0.00,0.00,0.00,0.00,0.00,0.00,0.00
Jorg Schreuders,nl NED,"MF,FW",Groningen,19,2004,32,23,1940,21.6,5,1,6,5,0,0,2,0,2.4,2.4,2.1,4.4,46,57,139,0.23,0.05,0.28,0.23,0.28,0.11,0.10,0.20,0.11,0.20
Ilias Sebaoui,be BEL,"FW,MF",Heerenveen,22,2001,30,22,1929,21.4,3,0,3,3,0,0,0,1,4.8,4.8,2.1,6.9,46,53,183,0.14,0.00,0.14,0.14,0.14,0.22,0.10,0.32,0.22,0.32
Mats Seuntjens,nl NED,"FW,MF",Groningen,32,1992,13,9,664,7.4,2,2,4,1,1,1,0,0,1.6,0.9,1.8,2.7,3,26,26,0.27,0.27,0.54,0.14,0.41,0.22,0.24,0.47,0.12,0.36
Kento Shiogai,jp JPN,FW,NEC Nijmegen,19,2005,25,3,559,6.2,4,1,5,4,0,0,0,0,3.8,3.8,1.2,5.0,12,14,30,0.64,0.16,0.81,0.64,0.81,0.62,0.19,0.80,0.62,0.80
Kaj Sierhuis,nl NED,FW,Fortuna Sittard,26,1998,11,6,531,5.9,1,1,2,1,0,0,1,0,1.8,1.8,1.0,2.8,2,8,25,0.17,0.17,0.34,0.17,0.34,0.30,0.17,0.47,0.30,0.47
Oskar Siira Sivertsen,no NOR,FW,Go Ahead Eag,20,2004,7,1,147,1.6,0,0,0,0,0,0,0,0,0.1,0.1,0.8,0.9,3,6,12,0.00,0.00,0.00,0.00,0.00,0.06,0.46,0.52,0.06,0.52
Daley Sinkgraven,nl NED,"MF,FW",Fortuna Sittard,29,1995,2,1,77,0.9,0,0,0,0,0,0,1,0,0.0,0.0,0.0,0.0,2,4,1,0.00,0.00,0.00,0.00,0.00,0.00,0.00,0.00,0.00,0.00
Aymen Sliti,nl NED,"FW,MF",Feyenoord,18,2006,4,0,89,1.0,1,0,1,1,0,0,0,0,0.4,0.4,0.3,0.7,5,0,8,1.01,0.00,1.01,1.01,1.01,0.39,0.30,0.69,0.39,0.69
Gijs Smal,nl NED,"DF,MF",Feyenoord,26,1997,25,14,1351,15.0,0,2,2,0,0,0,0,0,0.5,0.5,2.4,2.9,44,95,75,0.00,0.13,0.13,0.00,0.13,0.03,0.16,0.19,0.03,0.19
Levi Smans,nl NED,"MF,FW",Heerenveen,20,2004,33,25,2298,25.5,3,2,5,3,0,0,2,0,4.2,4.2,5.1,9.4,75,105,154,0.12,0.08,0.20,0.12,0.20,0.17,0.20,0.37,0.17,0.37
Kees Smit,nl NED,"MF,FW",AZ Alkmaar,18,2006,18,9,989,11.0,0,0,0,0,0,0,2,0,1.1,1.1,2.0,3.1,22,61,40,0.00,0.00,0.00,0.00,0.00,0.10,0.18,0.28,0.10,0.28
Milan Smit,nl NED,"FW,MF",Go Ahead Eag,21,2003,22,9,837,9.3,3,3,6,3,0,0,0,0,2.8,2.8,1.0,3.8,18,17,37,0.32,0.32,0.65,0.32,0.65,0.30,0.10,0.40,0.30,0.40
Player,Nation,Pos,Squad,Age,Born,MP,Starts,Min,90s,Gls,Ast,G+A,G-PK,PK,PKatt,CrdY,CrdR,xG,npxG,xAG,npxG+xAG,PrgC,PrgP,PrgR,Gls,Ast,G+A,G-PK,G+A-PK,xG,xAG,xG+xAG,npxG,npxG+xAG
Kamal Sowah,gh GHA,"MF,FW",NAC Breda,24,2000,12,10,858,9.5,0,0,0,0,0,0,4,0,1.8,1.8,1.8,3.6,9,37,50,0.00,0.00,0.00,0.00,0.00,0.19,0.18,0.38,0.19,0.38
Mark Spenkelink,nl NED,GK,RKC Waalwijk,27,1997,4,4,360,4.0,0,0,0,0,0,0,0,0,0.0,0.0,0.0,0.0,0,0,0,0.00,0.00,0.00,0.00,0.00,0.00,0.00,0.00,0.00,0.00
Tommy St. Jago,nl NED,DF,Willem II,24,2000,33,33,2925,32.5,0,0,0,0,0,0,3,0,0.6,0.6,0.5,1.1,27,104,26,0.00,0.00,0.00,0.00,0.00,0.02,0.01,0.03,0.02,0.03
Finn Stam,nl NED,DF,Groningen,21,2003,19,9,831,9.2,0,1,1,0,0,0,3,0,0.1,0.1,0.1,0.2,10,32,34,0.00,0.11,0.11,0.00,0.11,0.01,0.02,0.02,0.01,0.02
Casper Staring,nl NED,"MF,FW",NAC Breda,23,2001,15,5,628,7.0,0,0,0,0,0,0,1,0,0.1,0.1,0.0,0.1,1,17,6,0.00,0.00,0.00,0.00,0.00,0.01,0.01,0.02,0.01,0.02
Sem Steijn,nl NED,MF,Twente,22,2001,33,32,2762,30.7,24,7,31,18,6,6,3,0,15.1,10.4,4.7,15.1,33,101,145,0.78,0.23,1.01,0.59,0.81,0.49,0.15,0.64,0.34,0.49
Calvin Stengs,nl NED,"MF,FW",Feyenoord,25,1998,12,6,630,7.0,1,3,4,1,0,0,2,0,1.5,1.5,2.4,3.9,21,40,56,0.14,0.43,0.57,0.14,0.57,0.21,0.34,0.55,0.21,0.55
Sean Steur,nl NED,MF,Ajax,16,2008,1,0,8,0.1,0,0,0,0,0,0,0,0,0.0,0.0,0.0,0.0,0,0,0,0.00,0.00,0.00,0.00,0.00,0.00,0.00,0.00,0.00,0.00
Finn Stokkers,nl NED,FW,Go Ahead Eag,28,1996,19,3,442,4.9,3,2,5,3,0,0,1,0,2.8,2.8,0.7,3.5,7,8,44,0.61,0.41,1.02,0.61,1.02,0.57,0.14,0.71,0.57,0.71
Mathis Suray,be BEL,"FW,MF",Go Ahead Eag,23,2001,30,15,1454,16.2,3,0,3,3,0,0,4,0,2.0,2.0,2.2,4.2,23,77,84,0.19,0.00,0.19,0.19,0.19,0.12,0.14,0.26,0.12,0.26
Josip Šutalo,hr CRO,DF,Ajax,24,2000,29,28,2450,27.2,2,0,2,2,0,0,3,0,0.7,0.7,0.5,1.2,26,138,3,0.07,0.00,0.07,0.07,0.07,0.03,0.02,0.04,0.03,0.04
Youssuf Sylla,be BEL,"FW,MF",Willem II,21,2002,12,0,179,2.0,0,0,0,0,0,0,1,0,0.5,0.5,0.1,0.6,1,5,17,0.00,0.00,0.00,0.00,0.00,0.24,0.05,0.29,0.24,0.29
Anas Tahiri,be BEL,MF,Almere City,29,1995,26,23,1768,19.6,0,1,1,0,0,0,1,0,0.3,0.3,0.4,0.8,15,78,19,0.00,0.05,0.05,0.00,0.05,0.02,0.02,0.04,0.02,0.04
Benjamin Tahirovic,ba BIH,MF,Ajax,21,2003,1,1,76,0.8,0,0,0,0,0,0,0,0,0.0,0.0,0.0,0.0,1,3,1,0.00,0.00,0.00,0.00,0.00,0.00,0.00,0.00,0.00,0.00
Juho Talvitie,fi FIN,"FW,MF",Heracles Almelo,19,2005,31,17,1508,16.8,3,0,3,3,0,0,1,0,3.1,3.1,1.2,4.2,59,41,110,0.18,0.00,0.18,0.18,0.18,0.18,0.07,0.25,0.18,0.25
Oussama Targhalline,ma MAR,MF,Feyenoord,22,2002,6,2,283,3.1,0,0,0,0,0,0,0,0,0.0,0.0,0.2,0.2,4,33,8,0.00,0.00,0.00,0.00,0.00,0.01,0.07,0.08,0.01,0.08
Kenneth Taylor,nl NED,"MF,FW",Ajax,22,2002,33,29,2447,27.2,9,6,15,6,3,3,3,0,7.2,5.0,5.1,10.1,72,138,154,0.33,0.22,0.55,0.22,0.44,0.26,0.19,0.45,0.19,0.37
Søren Tengstedt,dk DEN,"MF,FW",Go Ahead Eag,24,2000,12,4,422,4.7,0,0,0,0,0,0,0,0,1.1,1.1,0.1,1.2,12,12,28,0.00,0.00,0.00,0.00,0.00,0.23,0.03,0.25,0.23,0.25
Jordan Teze,nl NED,DF,PSV Eindhoven,24,1999,2,0,40,0.4,0,0,0,0,0,0,0,0,0.0,0.0,0.1,0.1,1,4,4,0.00,0.00,0.00,0.00,0.00,0.00,0.28,0.28,0.00,0.28
Ryan Thomas,nz NZL,MF,Zwolle,29,1994,17,9,850,9.4,0,2,2,0,0,0,4,0,0.0,0.0,1.2,1.2,8,45,19,0.00,0.21,0.21,0.00,0.21,0.00,0.12,0.12,0.00,0.12
Guus Til,nl NED,MF,PSV Eindhoven,26,1997,32,23,2019,22.4,10,11,21,10,0,0,2,0,10.6,10.6,6.9,17.5,40,77,200,0.45,0.49,0.94,0.45,0.94,0.47,0.31,0.78,0.47,0.78
Malik Tillman,us USA,"MF,FW",PSV Eindhoven,22,2002,26,22,1915,21.3,12,2,14,12,0,0,2,0,6.7,6.7,6.2,12.9,60,116,143,0.56,0.09,0.66,0.56,0.66,0.32,0.29,0.61,0.32,0.61
Quinten Timber,nl NED,MF,Feyenoord,23,2001,18,16,1391,15.5,6,0,6,4,2,2,5,0,3.3,1.8,1.6,3.4,24,68,58,0.39,0.00,0.39,0.26,0.26,0.21,0.10,0.32,0.11,0.22
Mickaël Tirpan,be BEL,DF,Willem II,30,1993,24,22,1946,21.6,1,1,2,1,0,0,4,0,0.6,0.6,1.5,2.2,51,83,76,0.05,0.05,0.09,0.05,0.09,0.03,0.07,0.10,0.03,0.10
Jens Toornstra,nl NED,MF,Utrecht,35,1989,31,16,1333,14.8,1,4,5,1,0,0,0,0,2.4,2.4,3.0,5.3,21,74,71,0.07,0.27,0.34,0.07,0.34,0.16,0.20,0.36,0.16,0.36
Player,Nation,Pos,Squad,Age,Born,MP,Starts,Min,90s,Gls,Ast,G+A,G-PK,PK,PKatt,CrdY,CrdR,xG,npxG,xAG,npxG+xAG,PrgC,PrgP,PrgR,Gls,Ast,G+A,G-PK,G+A-PK,xG,xAG,xG+xAG,npxG,npxG+xAG
Bertrand Traoré,bf BFA,FW,Ajax,28,1995,32,20,1717,19.1,6,5,11,6,0,0,1,0,8.2,8.2,4.6,12.8,103,116,235,0.31,0.26,0.58,0.31,0.58,0.43,0.24,0.67,0.43,0.67
Gernot Trauner,at AUT,DF,Feyenoord,32,1992,19,16,1388,15.4,0,0,0,0,0,0,5,0,1.1,1.1,0.3,1.4,18,107,2,0.00,0.00,0.00,0.00,0.00,0.07,0.02,0.09,0.07,0.09
Jacob Trenskow,dk DEN,"FW,MF",Heerenveen,23,2000,25,20,1742,19.4,6,3,9,6,0,0,0,0,4.0,4.0,2.9,6.9,62,61,160,0.31,0.15,0.46,0.31,0.46,0.21,0.15,0.36,0.21,0.36
Luka Tunjić,de GER,"FW,MF",Fortuna Sittard,18,2005,12,3,478,5.3,1,1,2,1,0,0,1,0,0.8,0.8,0.9,1.6,5,16,26,0.19,0.19,0.38,0.19,0.38,0.14,0.16,0.31,0.14,0.31
Fofin Turay,nl NED,MF,Groningen,20,2004,1,0,1,0.0,0,0,0,0,0,0,0,0,0.0,0.0,0.0,0.0,0,0,0,0.00,0.00,0.00,0.00,0.00,0.00,0.00,0.00,0.00,0.00
Calvin Twigt,nl NED,MF,Go Ahead Eag,21,2003,13,4,446,5.0,0,0,0,0,0,0,2,0,0.0,0.0,1.3,1.3,2,16,10,0.00,0.00,0.00,0.00,0.00,0.01,0.26,0.27,0.01,0.27
Przemysław Tytoń,pl POL,GK,Twente,37,1987,3,3,270,3.0,0,0,0,0,0,0,0,0,0.0,0.0,0.0,0.0,0,0,0,0.00,0.00,0.00,0.00,0.00,0.00,0.00,0.00,0.00,0.00
Ayase Ueda,jp JPN,FW,Feyenoord,25,1998,21,13,1203,13.4,7,1,8,7,0,0,0,0,7.2,7.2,0.9,8.1,10,12,66,0.52,0.07,0.60,0.52,0.60,0.54,0.06,0.61,0.54,0.61
Lars Unnerstall,de GER,GK,Twente,34,1990,31,31,2790,31.0,0,0,0,0,0,0,0,0,0.0,0.0,0.1,0.1,0,1,0,0.00,0.00,0.00,0.00,0.00,0.00,0.00,0.00,0.00,0.00
Naci Ünüvar,nl NED,FW,Twente,21,2003,11,3,390,4.3,0,1,1,0,0,0,2,0,1.2,1.2,0.8,2.0,15,22,43,0.00,0.23,0.23,0.00,0.23,0.28,0.18,0.46,0.28,0.46
Kyan Vaesen,be BEL,FW,Willem II,23,2001,27,24,1896,21.1,4,2,6,2,2,2,2,1,5.1,3.5,1.8,5.3,7,25,70,0.19,0.09,0.28,0.09,0.19,0.24,0.09,0.33,0.17,0.25
Etienne Vaessen,sr SUR,GK,Groningen,29,1995,32,32,2880,32.0,0,0,0,0,0,0,5,0,0.0,0.0,0.0,0.0,0,1,0,0.00,0.00,0.00,0.00,0.00,0.00,0.00,0.00,0.00,0.00
Luciano Valente,nl NED,"MF,FW",Groningen,20,2003,32,31,2587,28.7,2,7,9,2,0,0,4,1,3.2,3.2,5.9,9.0,65,132,175,0.07,0.24,0.31,0.07,0.31,0.11,0.20,0.31,0.11,0.31
Cherrion Valerius,cw CUW,DF,NAC Breda,18,2005,15,15,1201,13.3,0,0,0,0,0,0,2,0,0.4,0.4,0.3,0.8,17,28,64,0.00,0.00,0.00,0.00,0.00,0.03,0.03,0.06,0.03,0.06
Dave Van Den Berg,nl NED,MF,Zwolle,24,2000,32,26,2228,24.8,4,3,7,4,0,0,6,1,2.9,2.9,2.0,4.9,29,113,77,0.16,0.12,0.28,0.16,0.28,0.12,0.08,0.20,0.12,0.20
Jan Van den Bergh,be BEL,DF,NAC Breda,29,1994,30,30,2700,30.0,2,4,6,2,0,0,11,0,2.6,2.6,2.7,5.3,37,135,31,0.07,0.13,0.20,0.07,0.20,0.09,0.09,0.18,0.09,0.18
Dario Van den Buijs,be BEL,DF,RKC Waalwijk,28,1995,14,13,1110,12.3,0,0,0,0,0,0,1,0,0.4,0.4,0.0,0.4,14,55,1,0.00,0.00,0.00,0.00,0.00,0.03,0.00,0.03,0.03,0.03
Alec Van Hoorenbeeck,be BEL,DF,Twente,25,1998,20,11,1116,12.4,2,0,2,2,0,0,1,0,1.4,1.4,0.4,1.8,2,46,6,0.16,0.00,0.16,0.16,0.16,0.11,0.03,0.14,0.11,0.14
Per Van Loon,,FW,Willem II,,,1,0,18,0.2,0,0,0,0,0,0,0,0,0.0,0.0,0.0,0.0,0,1,0,0.00,0.00,0.00,0.00,0.00,0.00,0.00,0.00,0.00,0.00
Syb Van Ottele,nl NED,"DF,MF",Fortuna Sittard,22,2002,31,18,1874,20.8,0,3,3,0,0,0,3,0,0.6,0.6,1.3,1.9,24,106,7,0.00,0.14,0.14,0.00,0.14,0.03,0.06,0.09,0.03,0.09
Joey Veerman,nl NED,MF,PSV Eindhoven,25,1998,27,22,1830,20.3,1,8,9,1,0,0,3,0,2.9,2.9,7.1,10.1,33,284,49,0.05,0.39,0.44,0.05,0.44,0.14,0.35,0.50,0.14,0.50
Odysseus Velanas,nl NED,"FW,MF",Zwolle,26,1998,29,12,1365,15.2,1,2,3,1,0,0,1,0,3.2,3.2,2.1,5.3,36,37,107,0.07,0.13,0.20,0.07,0.20,0.21,0.14,0.35,0.21,0.35
Apostolos Vellios,gr GRE,FW,Zwolle,32,1992,1,0,9,0.1,0,0,0,0,0,0,0,0,0.0,0.0,0.0,0.0,0,0,1,0.00,0.00,0.00,0.00,0.00,0.00,0.00,0.00,0.00,0.00
Dylan Vente,nl NED,FW,Zwolle,25,1999,30,29,2518,28.0,13,0,13,10,3,3,3,0,8.8,6.5,1.6,8.1,37,41,130,0.46,0.00,0.46,0.36,0.36,0.32,0.06,0.37,0.23,0.29
Calvin Verdonk,id IDN,DF,NEC Nijmegen,27,1997,33,31,2853,31.7,1,1,2,1,0,0,9,0,1.1,1.1,3.2,4.3,54,202,84,0.03,0.03,0.06,0.03,0.06,0.03,0.10,0.13,0.03,0.13
Player,Nation,Pos,Squad,Age,Born,MP,Starts,Min,90s,Gls,Ast,G+A,G-PK,PK,PKatt,CrdY,CrdR,xG,npxG,xAG,npxG+xAG,PrgC,PrgP,PrgR,Gls,Ast,G+A,G-PK,G+A-PK,xG,xAG,xG+xAG,npxG,npxG+xAG
Valentino Vermeulen,nl NED,DF,Willem II,23,2001,3,0,24,0.3,0,0,0,0,0,0,1,0,0.0,0.0,0.0,0.0,1,0,0,0.00,0.00,0.00,0.00,0.00,0.00,0.00,0.00,0.00,0.00
Arno Verschueren,be BEL,MF,Sparta R'dam,27,1997,20,20,1658,18.4,1,2,3,1,0,0,3,0,3.4,3.4,2.3,5.6,36,52,103,0.05,0.11,0.16,0.05,0.16,0.18,0.12,0.31,0.18,0.31
Arno Verschueren,be BEL,"MF,FW",Twente,27,1997,14,1,358,4.0,0,0,0,0,0,0,3,0,0.9,0.9,0.2,1.1,6,16,23,0.00,0.00,0.00,0.00,0.00,0.23,0.05,0.27,0.23,0.27
Dion Versluis,nl NED,FW,NAC Breda,21,2003,1,0,18,0.2,0,0,0,0,0,0,0,0,0.1,0.1,0.0,0.1,0,1,2,0.00,0.00,0.00,0.00,0.00,0.63,0.08,0.71,0.63,0.71
Niklas Vesterlund,dk DEN,DF,Utrecht,25,1999,8,8,636,7.1,1,2,3,1,0,0,1,0,0.4,0.4,0.5,0.9,11,19,20,0.14,0.28,0.42,0.14,0.42,0.06,0.07,0.13,0.06,0.13
Nick Viergever,nl NED,DF,Utrecht,34,1989,33,33,2948,32.8,3,1,4,3,0,0,2,1,3.5,3.5,0.4,3.9,32,188,3,0.09,0.03,0.12,0.09,0.12,0.11,0.01,0.12,0.11,0.12
Ricardo Visus,es ESP,DF,Almere City,23,2001,24,23,1962,21.8,1,0,1,1,0,0,4,1,0.6,0.6,0.6,1.3,25,78,4,0.05,0.00,0.05,0.05,0.05,0.03,0.03,0.06,0.03,0.06
Michel Vlap,nl NED,"MF,FW",Twente,27,1997,34,31,2499,27.8,5,7,12,5,0,0,3,0,5.3,5.3,4.9,10.2,42,191,106,0.18,0.25,0.43,0.18,0.43,0.19,0.17,0.37,0.19,0.37
Patrick Vroegh,nl NED,"MF,DF",RKC Waalwijk,24,1999,4,0,40,0.4,0,0,0,0,0,0,0,0,0.1,0.1,0.0,0.1,0,1,0,0.00,0.00,0.00,0.00,0.00,0.14,0.00,0.14,0.14,0.14
Wout Weghorst,nl NED,FW,Ajax,31,1992,24,9,1085,12.1,10,2,12,9,1,2,2,0,7.8,5.6,3.2,8.8,7,31,91,0.83,0.17,1.00,0.75,0.91,0.64,0.26,0.91,0.46,0.73
Daouda Weidmann,ci CIV,MF,RKC Waalwijk,21,2003,12,8,788,8.8,0,0,0,0,0,0,3,1,0.2,0.2,0.3,0.6,18,25,13,0.00,0.00,0.00,0.00,0.00,0.02,0.04,0.06,0.02,0.06
Robbin Weijenberg,nl NED,"MF,DF",Go Ahead Eag,19,2004,18,3,310,3.4,0,0,0,0,0,0,0,0,0.8,0.8,0.4,1.2,2,16,12,0.00,0.00,0.00,0.00,0.00,0.22,0.12,0.34,0.22,0.34
Timon Wellenreuther,de GER,GK,Feyenoord,28,1995,29,29,2610,29.0,0,1,1,0,0,0,2,0,0.0,0.0,0.6,0.6,0,4,0,0.00,0.03,0.03,0.00,0.03,0.00,0.02,0.02,0.00,0.02
Jonas Wendlinger,at AUT,GK,Almere City,24,2000,1,0,10,0.1,0,0,0,0,0,0,0,0,0.0,0.0,0.0,0.0,0,0,0,0.00,0.00,0.00,0.00,0.00,0.00,0.00,0.00,0.00,0.00
Jannes Wieckhoff,de GER,DF,Heracles Almelo,23,2000,21,13,1251,13.9,0,2,2,0,0,0,4,0,0.0,0.0,2.0,2.0,37,51,61,0.00,0.14,0.14,0.00,0.14,0.00,0.14,0.14,0.00,0.14
Owen Wijndal,nl NED,DF,Ajax,24,1999,10,3,372,4.1,0,0,0,0,0,0,2,0,0.2,0.2,0.5,0.7,8,12,31,0.00,0.00,0.00,0.00,0.00,0.04,0.12,0.17,0.04,0.17
Jordy de Wijs,nl NED,DF,Heerenveen,29,1995,3,0,70,0.8,0,0,0,0,0,0,1,0,0.0,0.0,0.0,0.0,0,0,0,0.00,0.00,0.00,0.00,0.00,0.00,0.00,0.00,0.00,0.00
Mees de Wit,nl NED,"DF,FW",AZ Alkmaar,26,1998,14,5,472,5.2,1,1,2,1,0,0,2,0,0.8,0.8,0.3,1.1,17,26,26,0.19,0.19,0.38,0.19,0.38,0.16,0.05,0.21,0.16,0.21
Ricky van Wolfswinkel,nl NED,FW,Twente,35,1989,26,16,1605,17.8,7,1,8,6,1,1,3,0,5.3,4.6,1.3,5.8,17,29,78,0.39,0.06,0.45,0.34,0.39,0.30,0.07,0.37,0.26,0.33
Luuk Wouters,nl NED,DF,RKC Waalwijk,25,1999,12,8,829,9.2,0,0,0,0,0,0,0,0,0.0,0.0,0.4,0.4,7,27,15,0.00,0.00,0.00,0.00,0.00,0.00,0.04,0.05,0.00,0.05
Redouan El Yaakoubi,nl NED,DF,RKC Waalwijk,28,1996,7,4,403,4.5,0,0,0,0,0,0,0,0,0.0,0.0,0.0,0.1,4,21,2,0.00,0.00,0.00,0.00,0.00,0.01,0.00,0.01,0.01,0.01
Marvin Young,nl NED,DF,Sparta R'dam,18,2005,26,24,2171,24.1,0,0,0,0,0,0,5,1,0.7,0.7,0.7,1.4,17,74,10,0.00,0.00,0.00,0.00,0.00,0.03,0.03,0.06,0.03,0.06
Vasilios Zagaritis,gr GRE,DF,Almere City,23,2001,33,33,2957,32.9,0,2,2,0,0,0,4,0,0.8,0.8,3.2,4.0,92,132,142,0.00,0.06,0.06,0.00,0.06,0.02,0.10,0.12,0.02,0.12
Jan Žambůrek,cz CZE,MF,Heracles Almelo,23,2001,20,10,935,10.4,0,1,1,0,0,0,3,0,0.1,0.1,0.9,1.0,8,24,13,0.00,0.10,0.10,0.00,0.10,0.01,0.09,0.10,0.01,0.10
Oskar Zawada,pl POL,FW,RKC Waalwijk,28,1996,26,24,1945,21.6,9,0,9,9,0,0,2,1,13.7,13.7,1.9,15.6,8,26,71,0.42,0.00,0.42,0.42,0.42,0.63,0.09,0.72,0.63,0.72
Player,Nation,Pos,Squad,Age,Born,MP,Starts,Min,90s,Gls,Ast,G+A,G-PK,PK,PKatt,CrdY,CrdR,xG,npxG,xAG,npxG+xAG,PrgC,PrgP,PrgR,Gls,Ast,G+A,G-PK,G+A-PK,xG,xAG,xG+xAG,npxG,npxG+xAG
Gjivai Zechiël,nl NED,MF,Sparta R'dam,20,2004,13,12,1025,11.4,2,1,3,2,0,0,3,0,1.7,1.7,1.1,2.7,21,50,20,0.18,0.09,0.26,0.18,0.26,0.15,0.09,0.24,0.15,0.24
Gjivai Zechiël,nl NED,MF,Feyenoord,20,2004,9,2,258,2.9,0,2,2,0,0,0,1,0,0.4,0.4,0.8,1.2,2,15,15,0.00,0.70,0.70,0.00,0.70,0.14,0.28,0.42,0.14,0.42
Lequincio Zeefuik,nl NED,"FW,DF",AZ Alkmaar,19,2004,3,0,32,0.4,0,0,0,0,0,0,1,0,0.1,0.1,0.0,0.1,0,1,2,0.00,0.00,0.00,0.00,0.00,0.35,0.00,0.35,0.35,0.35
Ramiz Zerrouki,dz ALG,MF,Feyenoord,26,1998,22,12,1091,12.1,1,2,3,1,0,0,3,1,0.8,0.8,0.8,1.5,11,94,18,0.08,0.16,0.25,0.08,0.25,0.06,0.06,0.12,0.06,0.12
Jeroen Zoet,nl NED,GK,AZ Alkmaar,33,1991,6,6,540,6.0,0,0,0,0,0,0,0,0,0.0,0.0,0.0,0.0,0,0,0,0.00,0.00,0.00,0.00,0.00,0.00,0.00,0.00,0.00,0.00
Rúnar Þór Sigurgeirsson,is ISL,"DF,FW",Willem II,24,1999,26,23,1930,21.4,1,1,2,1,0,0,5,0,1.4,1.4,0.9,2.4,42,43,90,0.05,0.05,0.09,0.05,0.09,0.07,0.04,0.11,0.07,0.11
Nökkvi Þórisson,is ISL,"FW,MF",Sparta R'dam,24,1999,12,0,136,1.5,2,0,2,2,0,0,0,0,0.9,0.9,0.5,1.4,7,8,10,1.32,0.00,1.32,1.32,1.32,0.60,0.34,0.93,0.60,0.93
Shiloh ’t Zand,nl NED,"FW,MF",Heracles Almelo,21,2003,17,12,1010,11.2,1,0,1,1,0,0,1,0,2.3,2.3,1.0,3.3,10,44,29,0.09,0.00,0.09,0.09,0.09,0.21,0.08,0.29,0.21,0.29
Shiloh ’t Zand,nl NED,MF,Feyenoord,21,2003,2,0,42,0.5,0,0,0,0,0,0,0,0,0.0,0.0,0.0,0.0,1,2,1,0.00,0.00,0.00,0.00,0.00,0.00,0.02,0.02,0.00,0.02
