Player,Squad,Pos,Age,Born,MP,Starts,Min,90s,Gls,Ast,G+A,G-PK,PK,PKatt,CrdY,CrdR,xG,npxG,xAG,npxG+xAG,PrgC,PrgP,PrgR,Gls.1,Ast.1,G+A.1,G-PK.1,G+A-PK,xG.1,xAG.1,xG+xAG,npxG.1,npxG+xAG.1,league
Erling Haaland,Manchester City,FW,24,2000,31,31,2736,30.4,22,3,25,19,3,4,2,0,22.0,18.8,3.0,21.8,24,20,124,0.72,0.10,0.82,0.62,0.72,0.72,0.10,0.82,0.62,0.72,Premier-League
Mohamed Salah,Liverpool,FW,32,1992,38,38,3371,37.5,29,18,47,20,9,9,1,0,25.2,18.2,14.2,32.4,154,144,488,0.77,0.48,1.25,0.53,1.01,0.67,0.38,1.05,0.49,0.87,Premier-League
Casemiro,Manchester Utd,MF,32,1992,24,18,1494,16.6,1,0,1,1,0,0,5,0,1.9,1.9,2.3,4.2,4,84,28,0.06,0.00,0.06,0.06,0.06,0.11,0.14,0.25,0.11,0.25,Premier-League
Virgil van Dijk,Liverpool,DF,33,1991,37,37,3330,37.0,3,1,4,3,0,0,5,0,2.2,2.2,0.7,3.0,22,198,6,0.08,0.03,0.11,0.08,0.11,0.06,0.02,0.08,0.06,0.08,Premier-League
Raheem Sterling,Chelsea,"FW,MF",29,1994,17,7,499,5.5,0,2,2,0,0,0,1,0,1.4,1.4,0.5,1.9,27,18,79,0.00,0.36,0.36,0.00,0.36,0.26,0.09,0.34,0.26,0.34,Premier-League
Bruno Fernandes,Manchester Utd,MF,29,1994,36,35,3018,33.5,8,10,18,5,3,3,5,2,9.9,7.6,8.5,16.1,77,325,129,0.24,0.30,0.54,0.15,0.45,0.30,0.25,0.55,0.23,0.48,Premier-League
Marcus Rashford,Manchester Utd,"FW,MF",26,1997,15,12,978,10.9,4,1,5,4,0,0,2,0,1.7,1.7,2.1,3.8,20,21,79,0.37,0.09,0.46,0.37,0.46,0.16,0.19,0.35,0.16,0.35,Premier-League
Marcus Rashford,Manchester Utd,FW,26,1997,10,4,444,4.9,2,2,4,1,1,1,0,0,3.1,2.3,2.3,4.5,22,13,42,0.41,0.41,0.81,0.20,0.61,0.62,0.46,1.08,0.46,0.92,Premier-League
Bernardo Silva,Manchester City,"MF,FW",29,1994,33,29,2670,29.7,4,4,8,4,0,0,7,0,3.9,3.9,5.1,9.0,101,134,200,0.13,0.13,0.27,0.13,0.27,0.13,0.17,0.30,0.13,0.30,Premier-League
Jack Grealish,Manchester City,"FW,MF",28,1995,20,7,721,8.0,1,1,2,1,0,0,3,0,1.1,1.1,1.8,3.0,69,52,118,0.12,0.12,0.25,0.12,0.25,0.14,0.23,0.37,0.14,0.37,Premier-League
Omar Marmoush,Manchester City,"FW,MF",25,1999,16,14,1175,13.1,7,0,7,7,0,0,0,0,5.5,5.5,2.8,8.3,29,37,78,0.54,0.00,0.54,0.54,0.54,0.42,0.21,0.64,0.42,0.64,Premier-League
Kai Havertz,Arsenal,"FW,MF",25,1999,23,21,1875,20.8,9,3,12,9,0,0,5,0,9.5,9.5,2.4,12.0,35,61,113,0.43,0.14,0.58,0.43,0.58,0.46,0.12,0.57,0.46,0.57,Premier-League
Gabriel Jesus,Arsenal,FW,27,1997,17,6,608,6.8,3,0,3,3,0,0,4,0,3.0,3.0,0.7,3.7,15,19,57,0.44,0.00,0.44,0.44,0.44,0.44,0.10,0.54,0.44,0.54,Premier-League
Jadon Sancho,Manchester Utd,FW,24,2000,31,19,1764,19.6,3,4,7,3,0,0,2,0,2.2,2.2,3.7,5.8,102,90,225,0.15,0.20,0.36,0.15,0.36,0.11,0.19,0.30,0.11,0.30,Premier-League
Mason Mount,Manchester Utd,MF,25,1999,17,8,622,6.9,1,0,1,1,0,0,3,0,3.2,3.2,0.6,3.8,15,33,41,0.14,0.00,0.14,0.14,0.14,0.47,0.08,0.55,0.47,0.55,Premier-League
John Stones,Manchester City,"DF,MF",30,1994,11,6,548,6.1,2,0,2,2,0,0,1,0,0.4,0.4,0.1,0.5,10,21,2,0.33,0.00,0.33,0.33,0.33,0.07,0.01,0.08,0.07,0.08,Premier-League
Reece James,Chelsea,"DF,MF",24,1999,19,12,1063,11.8,1,1,2,1,0,0,1,0,0.4,0.4,0.7,1.1,7,64,12,0.08,0.08,0.17,0.08,0.17,0.04,0.06,0.10,0.04,0.10,Premier-League
Declan Rice,Arsenal,MF,25,1999,35,33,2825,31.4,4,7,11,4,0,0,7,1,3.5,3.5,6.6,10.1,90,192,94,0.13,0.22,0.35,0.13,0.35,0.11,0.21,0.32,0.11,0.32,Premier-League
Martin Ødegaard,Arsenal,MF,25,1998,30,26,2325,25.8,3,8,11,2,1,1,4,0,4.8,4.0,5.4,9.5,92,258,154,0.12,0.31,0.43,0.08,0.39,0.19,0.21,0.40,0.16,0.37,Premier-League
İlkay Gündoğan,Manchester City,MF,33,1990,33,25,2223,24.7,1,6,7,1,0,0,1,0,3.2,3.2,3.5,6.7,64,127,96,0.04,0.24,0.28,0.04,0.28,0.13,0.14,0.27,0.13,0.27,Premier-League
Phil Foden,Manchester City,"MF,FW",24,2000,28,20,1777,19.7,7,2,9,7,0,0,2,0,5.2,5.2,4.8,9.9,50,103,128,0.35,0.10,0.46,0.35,0.46,0.26,0.24,0.50,0.26,0.50,Premier-League
Rodri,Manchester City,MF,28,1996,3,1,73,0.8,0,0,0,0,0,0,0,0,0.0,0.0,0.0,0.0,1,4,1,0.00,0.00,0.00,0.00,0.00,0.00,0.06,0.06,0.00,0.06,Premier-League
Joško Gvardiol,Manchester City,DF,22,2002,37,36,3277,36.4,5,0,5,5,0,0,2,0,4.6,4.3,2.1,6.3,91,264,121,0.14,0.00,0.14,0.14,0.14,0.13,0.06,0.18,0.12,0.17,Premier-League
Wesley Fofana,Chelsea,DF,23,2000,14,14,1172,13.0,0,0,0,0,0,0,7,0,0.4,0.4,0.4,0.8,19,32,4,0.00,0.00,0.00,0.00,0.00,0.03,0.03,0.07,0.03,0.06,Premier-League
Bukayo Saka,Arsenal,"FW,MF",22,2001,25,20,1729,19.2,6,10,16,5,1,1,3,0,6.8,6.0,7.6,13.7,96,70,255,0.31,0.52,0.83,0.26,0.78,0.36,0.40,0.75,0.31,0.71,Premier-League
Matthijs de Ligt,Manchester Utd,DF,24,1999,29,25,2123,23.6,2,0,2,2,0,0,3,0,2.5,2.5,0.3,2.8,7,55,6,0.08,0.00,0.08,0.08,0.08,0.10,0.01,0.12,0.10,0.12,Premier-League
Christopher Nkunku,Chelsea,FW,26,1997,27,9,921,10.2,3,2,5,3,0,0,2,0,4.8,4.8,2.1,6.9,17,25,68,0.29,0.20,0.49,0.29,0.49,0.47,0.21,0.68,0.47,0.67,Premier-League
William Saliba,Arsenal,DF,23,2001,35,35,3039,33.8,2,0,2,2,0,0,2,1,2.3,2.3,0.9,3.1,16,138,6,0.06,0.00,0.06,0.06,0.06,0.07,0.03,0.09,0.07,0.09,Premier-League
Harry Maguire,Manchester Utd,DF,31,1993,27,19,1758,19.5,1,0,1,1,0,0,7,0,1.8,1.8,0.6,2.4,7,51,7,0.05,0.00,0.05,0.05,0.05,0.09,0.03,0.12,0.09,0.12,Premier-League
Son Heung-min,Tottenham,FW,32,1992,30,24,2110,23.4,7,9,16,6,1,2,1,0,7.2,5.7,8.2,13.9,96,111,265,0.30,0.38,0.68,0.26,0.64,0.31,0.35,0.66,0.24,0.59,Premier-League
Gabriel Martinelli,Arsenal,"FW,MF",23,2001,33,25,2290,25.4,8,4,12,8,0,0,1,0,7.4,7.4,5.0,12.4,124,52,289,0.31,0.16,0.47,0.31,0.47,0.29,0.19,0.49,0.29,0.49,Premier-League
Matheus Cunha,Manchester Utd,"MF,FW",25,1999,33,29,2597,28.9,15,6,21,15,0,0,4,0,8.6,8.6,7.7,16.4,112,144,161,0.52,0.21,0.73,0.52,0.73,0.30,0.27,0.57,0.30,0.57,Premier-League
Manuel Akanji,Manchester City,DF,29,1995,26,23,2014,22.4,0,0,0,0,0,0,3,0,1.6,1.6,0.4,1.9,46,158,7,0.00,0.00,0.00,0.00,0.00,0.07,0.02,0.09,0.07,0.09,Premier-League
Rúben Dias,Manchester City,DF,27,1997,27,25,2271,25.2,0,0,0,0,0,0,4,0,1.5,1.5,0.3,1.8,43,160,8,0.00,0.00,0.00,0.00,0.00,0.06,0.01,0.07,0.06,0.07,Premier-League
Enzo Fernández,Chelsea,MF,23,2001,36,32,2947,32.7,6,7,13,6,0,0,8,0,6.1,6.1,6.8,12.9,60,212,126,0.18,0.21,0.40,0.18,0.40,0.19,0.21,0.39,0.19,0.39,Premier-League
Kyle Walker,Manchester City,DF,34,1990,15,9,970,10.8,0,0,0,0,0,0,3,0,0.1,0.1,0.4,0.6,12,64,11,0.00,0.00,0.00,0.00,0.00,0.01,0.04,0.05,0.01,0.05,Premier-League
Marc Cucurella,Chelsea,DF,26,1998,36,33,2988,33.2,5,1,6,5,0,0,10,1,2.8,2.8,2.1,4.9,35,118,117,0.15,0.03,0.18,0.15,0.18,0.08,0.06,0.15,0.08,0.15,Premier-League
James Maddison,Tottenham,MF,27,1996,31,21,1809,20.1,9,7,16,9,0,0,6,0,5.8,5.8,4.2,10.0,45,164,95,0.45,0.35,0.80,0.45,0.80,0.29,0.21,0.50,0.29,0.50,Premier-League
Cristian Romero,Tottenham,DF,26,1998,18,18,1416,15.7,1,0,1,1,0,0,3,0,1.6,1.6,0.6,2.2,12,71,3,0.06,0.00,0.06,0.06,0.06,0.10,0.04,0.14,0.10,0.14,Premier-League
Andrew Robertson,Liverpool,DF,30,1994,33,29,2482,27.6,0,1,1,0,0,0,3,1,1.2,1.2,4.6,5.8,64,176,108,0.00,0.04,0.04,0.00,0.04,0.04,0.17,0.21,0.04,0.21,Premier-League
Bruno Guimarães,Newcastle Utd,MF,26,1997,38,38,3271,36.3,5,6,11,5,0,0,7,0,4.3,4.3,6.1,10.4,64,271,96,0.14,0.17,0.30,0.14,0.30,0.12,0.17,0.29,0.12,0.29,Premier-League
Nathan Aké,Manchester City,DF,29,1995,10,8,678,7.5,0,0,0,0,0,0,0,0,0.2,0.2,0.0,0.2,12,50,2,0.00,0.00,0.00,0.00,0.00,0.03,0.00,0.03,0.03,0.03,Premier-League
Pedro Neto,Chelsea,FW,24,2000,35,24,2269,25.2,4,6,10,4,0,0,8,0,3.5,3.5,6.7,10.2,126,60,253,0.16,0.24,0.40,0.16,0.40,0.14,0.27,0.40,0.14,0.40,Premier-League
Ben White,Arsenal,DF,26,1997,17,13,1198,13.3,0,2,2,0,0,0,2,0,0.5,0.5,1.4,1.8,23,59,42,0.00,0.15,0.15,0.00,0.15,0.03,0.10,0.14,0.03,0.14,Premier-League
Gabriel Magalhães,Arsenal,DF,26,1997,28,28,2363,26.3,3,1,4,3,0,0,4,0,2.6,2.6,0.9,3.5,10,126,11,0.11,0.04,0.15,0.11,0.15,0.10,0.03,0.13,0.10,0.13,Premier-League
Oleksandr Zinchenko,Arsenal,"DF,MF",27,1996,15,5,527,5.9,0,1,1,0,0,0,1,0,0.6,0.6,0.2,0.8,10,48,14,0.00,0.17,0.17,0.00,0.17,0.11,0.03,0.14,0.11,0.14,Premier-League
Bryan Mbeumo,Manchester Utd,FW,24,1999,38,38,3414,37.9,20,7,27,15,5,6,3,0,12.3,7.5,8.3,15.9,130,141,351,0.53,0.18,0.71,0.40,0.58,0.32,0.22,0.54,0.20,0.42,Premier-League
Luke Shaw,Manchester Utd,DF,29,1995,7,4,349,3.9,0,0,0,0,0,0,1,0,0.0,0.0,0.7,0.7,7,24,7,0.00,0.00,0.00,0.00,0.00,0.01,0.18,0.19,0.01,0.19,Premier-League
Jarrod Bowen,West Ham,"FW,MF",27,1996,34,34,2973,33.0,13,8,21,12,1,1,1,0,8.6,7.8,6.8,14.7,109,91,212,0.39,0.24,0.64,0.36,0.61,0.26,0.21,0.47,0.24,0.44,Premier-League
Lucas Paquetá,West Ham,"MF,FW",26,1997,33,27,2380,26.4,4,0,4,2,2,2,10,0,5.3,3.7,3.1,6.8,26,155,85,0.15,0.00,0.15,0.08,0.08,0.20,0.12,0.32,0.14,0.26,Premier-League
Alexis Mac Allister,Liverpool,MF,25,1998,35,30,2599,28.9,5,5,10,5,0,0,6,0,2.8,2.8,4.7,7.5,36,177,80,0.17,0.17,0.35,0.17,0.35,0.10,0.16,0.26,0.10,0.26,Premier-League
Alisson,Liverpool,GK,31,1992,28,28,2508,27.9,0,0,0,0,0,0,0,0,0.0,0.0,0.6,0.6,0,1,0,0.00,0.00,0.00,0.00,0.00,0.00,0.02,0.02,0.00,0.02,Premier-League
Federico Chiesa,Liverpool,FW,26,1997,6,1,108,1.2,0,0,0,0,0,0,0,0,0.3,0.3,0.2,0.5,3,3,7,0.00,0.00,0.00,0.00,0.00,0.28,0.15,0.43,0.28,0.43,Premier-League
Ryan Gravenberch,Liverpool,MF,22,2002,37,37,3160,35.1,0,4,4,0,0,0,6,1,1.1,1.1,3.1,4.2,70,181,55,0.00,0.11,0.11,0.00,0.11,0.03,0.09,0.12,0.03,0.12,Premier-League
Boubacar Kamara,Aston Villa,MF,24,1999,26,20,1726,19.2,1,0,1,1,0,0,2,0,0.8,0.8,0.9,1.7,19,85,7,0.05,0.00,0.05,0.05,0.05,0.04,0.05,0.09,0.04,0.09,Premier-League
Emiliano Martínez,Aston Villa,GK,31,1992,37,37,3194,35.5,0,0,0,0,0,0,5,1,0.0,0.0,0.5,0.5,0,4,0,0.00,0.00,0.00,0.00,0.00,0.00,0.02,0.02,0.00,0.02,Premier-League
Youri Tielemans,Aston Villa,MF,27,1997,36,35,3026,33.6,3,7,10,3,0,1,4,0,3.3,2.5,7.0,9.5,39,235,48,0.09,0.21,0.30,0.09,0.30,0.10,0.21,0.31,0.07,0.28,Premier-League
Anthony Gordon,Newcastle Utd,"FW,MF",23,2001,34,28,2434,27.0,6,5,11,5,1,2,2,0,8.0,6.5,5.0,11.4,121,98,214,0.22,0.18,0.41,0.18,0.37,0.30,0.18,0.48,0.24,0.42,Premier-League
Joelinton,Newcastle Utd,"MF,FW",27,1996,29,29,2393,26.6,4,3,7,4,0,0,10,0,3.9,3.9,2.5,6.4,40,116,110,0.15,0.11,0.26,0.15,0.26,0.15,0.09,0.24,0.15,0.24,Premier-League
Kalvin Phillips,Manchester City,MF,28,1995,19,14,1237,13.7,0,0,0,0,0,0,6,1,0.4,0.4,0.2,0.7,4,51,4,0.00,0.00,0.00,0.00,0.00,0.03,0.02,0.05,0.03,0.05,Premier-League
Mateo Kovačić,Manchester City,MF,30,1994,31,25,2198,24.4,6,2,8,6,0,0,5,1,1.9,1.9,3.6,5.5,56,164,16,0.25,0.08,0.33,0.25,0.33,0.08,0.15,0.23,0.08,0.23,Premier-League
Moisés Caicedo,Chelsea,"MF,DF",22,2001,38,38,3351,37.2,1,2,3,1,0,0,11,0,0.8,0.8,3.0,3.8,43,215,37,0.03,0.05,0.08,0.03,0.08,0.02,0.08,0.10,0.02,0.10,Premier-League
Darwin Núñez,Liverpool,FW,25,1999,30,8,1133,12.6,5,2,7,5,0,0,8,0,5.8,5.8,1.3,7.1,23,27,78,0.40,0.16,0.56,0.40,0.56,0.46,0.10,0.57,0.46,0.57,Premier-League
Amadou Onana,Aston Villa,MF,22,2001,26,20,1617,18.0,3,0,3,3,0,0,4,0,2.1,2.1,0.7,2.8,29,75,16,0.17,0.00,0.17,0.17,0.17,0.12,0.04,0.16,0.12,0.16,Premier-League
Donyell Malen,Aston Villa,FW,25,1999,14,2,305,3.4,3,0,3,3,0,0,0,0,2.2,2.2,0.2,2.4,12,6,30,0.89,0.00,0.89,0.89,0.89,0.64,0.05,0.69,0.64,0.69,Premier-League
Noussair Mazraoui,Manchester Utd,DF,26,1997,37,34,2838,31.5,0,1,1,0,0,0,3,0,0.7,0.7,1.5,2.2,42,115,58,0.00,0.03,0.03,0.00,0.03,0.02,0.05,0.07,0.02,0.07,Premier-League
Mikel Merino,Arsenal,"MF,FW",28,1996,28,17,1586,17.6,7,2,9,7,0,0,4,1,5.9,5.9,2.0,7.9,11,69,94,0.40,0.11,0.51,0.40,0.51,0.34,0.11,0.45,0.34,0.45,Premier-League
Ollie Watkins,Aston Villa,FW,28,1995,38,31,2598,28.9,16,8,24,14,2,2,2,0,15.3,13.8,3.3,17.1,55,31,165,0.55,0.28,0.83,0.48,0.76,0.53,0.12,0.65,0.48,0.59,Premier-League
Matheus Nunes,Manchester City,"DF,MF",25,1998,26,19,1674,18.6,1,6,7,1,0,0,4,0,1.2,1.2,4.4,5.6,63,79,175,0.05,0.32,0.38,0.05,0.38,0.07,0.23,0.30,0.07,0.30,Premier-League
Cole Palmer,Chelsea,"MF,FW",22,2002,37,36,3191,35.5,15,8,23,11,4,5,7,0,17.3,13.3,10.9,24.2,120,214,187,0.42,0.23,0.65,0.31,0.54,0.49,0.31,0.79,0.38,0.68,Premier-League
João Félix,Chelsea,"FW,MF",24,1999,12,3,369,4.1,1,1,2,1,0,0,2,0,2.2,2.2,1.0,3.2,21,26,30,0.24,0.24,0.49,0.24,0.49,0.54,0.23,0.78,0.54,0.78,Premier-League
Bernd Leno,Fulham,GK,32,1992,38,38,3420,38.0,0,1,1,0,0,0,5,0,0.0,0.0,0.1,0.1,0,0,0,0.00,0.03,0.03,0.00,0.03,0.00,0.00,0.00,0.00,0.00,Premier-League
Jordan Pickford,Everton,GK,30,1994,38,38,3420,38.0,0,1,1,0,0,0,7,0,0.0,0.0,0.4,0.4,0,0,0,0.00,0.03,0.03,0.00,0.03,0.00,0.01,0.01,0.00,0.01,Premier-League
Riccardo Calafiori,Arsenal,DF,22,2002,19,11,983,10.9,2,1,3,2,0,0,4,0,0.9,0.9,0.3,1.1,22,54,29,0.18,0.09,0.27,0.18,0.27,0.08,0.03,0.11,0.08,0.11,Premier-League
Amad Diallo,Manchester Utd,"MF,FW",22,2002,26,20,1901,21.1,8,6,14,8,0,0,5,0,4.7,4.7,4.9,9.6,109,60,200,0.38,0.28,0.66,0.38,0.66,0.22,0.23,0.45,0.22,0.45,Premier-League
André Onana,Manchester Utd,GK,28,1996,34,34,3060,34.0,0,0,0,0,0,0,0,0,0.0,0.0,0.2,0.2,0,1,0,0.00,0.00,0.00,0.00,0.00,0.00,0.00,0.00,0.00,0.00,Premier-League
Lisandro Martínez,Manchester Utd,DF,26,1998,20,20,1751,19.5,2,1,3,2,0,0,7,0,1.3,1.3,1.1,2.4,23,117,7,0.10,0.05,0.15,0.10,0.15,0.07,0.06,0.13,0.07,0.13,Premier-League
Alphonse Areola,West Ham,GK,31,1993,26,25,2260,25.1,0,0,0,0,0,0,0,0,0.0,0.0,0.0,0.0,0,1,0,0.00,0.00,0.00,0.00,0.00,0.00,0.00,0.00,0.00,0.00,Premier-League
Cody Gakpo,Liverpool,FW,25,1999,35,23,1935,21.5,10,4,14,10,0,0,5,0,7.1,7.1,4.4,11.5,59,52,278,0.47,0.19,0.65,0.47,0.65,0.33,0.20,0.53,0.33,0.53,Premier-League
Dominik Szoboszlai,Liverpool,MF,23,2000,36,29,2491,27.7,6,6,12,6,0,0,6,0,7.3,7.3,7.4,14.7,72,131,127,0.22,0.22,0.43,0.22,0.43,0.27,0.27,0.53,0.27,0.53,Premier-League
John McGinn,Aston Villa,"MF,FW",29,1994,34,27,2223,24.7,1,4,5,1,0,0,7,0,3.1,2.8,3.5,6.3,32,103,87,0.04,0.16,0.20,0.04,0.20,0.13,0.14,0.27,0.11,0.26,Premier-League
Leon Bailey,Aston Villa,"FW,MF",26,1997,24,14,1139,12.7,1,2,3,1,0,0,3,0,1.7,1.7,1.5,3.3,58,35,121,0.08,0.16,0.24,0.08,0.24,0.14,0.12,0.26,0.14,0.26,Premier-League
Lucas Digne,Aston Villa,DF,31,1993,32,28,2351,26.1,0,4,4,0,0,0,4,0,0.8,0.8,4.7,5.5,23,57,142,0.00,0.15,0.15,0.00,0.15,0.03,0.18,0.21,0.03,0.21,Premier-League
Alexander Isak,Newcastle Utd,FW,24,1999,34,34,2756,30.6,23,6,29,19,4,4,1,0,20.3,17.2,4.3,21.6,83,88,217,0.75,0.20,0.95,0.62,0.82,0.66,0.14,0.81,0.56,0.70,Premier-League
Kieran Trippier,Newcastle Utd,DF,33,1990,25,14,1309,14.5,0,3,3,0,0,0,1,0,0.1,0.1,1.4,1.5,26,117,58,0.00,0.21,0.21,0.00,0.21,0.01,0.10,0.10,0.01,0.10,Premier-League
Sandro Tonali,Newcastle Utd,MF,24,2000,36,28,2630,29.2,4,2,6,4,0,0,5,0,4.4,4.4,2.2,6.6,37,128,53,0.14,0.07,0.21,0.14,0.21,0.15,0.07,0.22,0.15,0.22,Premier-League
Tosin Adarabioyo,Chelsea,DF,26,1997,22,15,1409,15.7,1,1,2,1,0,0,4,0,0.9,0.9,0.2,1.2,5,42,1,0.06,0.06,0.13,0.06,0.13,0.06,0.01,0.07,0.06,0.07,Premier-League
Idrissa Gana Gueye,Everton,MF,34,1989,37,35,3063,34.0,0,3,3,0,0,0,9,0,1.1,1.1,1.7,2.8,27,145,27,0.00,0.09,0.09,0.00,0.09,0.03,0.05,0.08,0.03,0.08,Premier-League
Jarrad Branthwaite,Everton,DF,22,2002,30,28,2511,27.9,0,1,1,0,0,0,4,0,1.2,1.2,0.7,1.9,10,66,2,0.00,0.04,0.04,0.00,0.04,0.04,0.02,0.07,0.04,0.07,Premier-League
Leny Yoro,Manchester Utd,DF,18,2005,21,12,1165,12.9,0,0,0,0,0,0,5,0,0.7,0.7,0.1,0.8,19,52,4,0.00,0.00,0.00,0.00,0.00,0.05,0.01,0.06,0.05,0.06,Premier-League
James Ward-Prowse,West Ham,MF,29,1994,15,12,1039,11.5,1,1,2,1,0,0,2,0,1.6,1.6,1.9,3.6,11,54,9,0.09,0.09,0.17,0.09,0.17,0.14,0.17,0.31,0.14,0.31,Premier-League
James Ward-Prowse,West Ham,MF,29,1994,9,5,400,4.4,0,1,1,0,0,0,2,1,0.1,0.1,1.1,1.2,1,16,3,0.00,0.23,0.23,0.00,0.23,0.01,0.25,0.26,0.01,0.26,Premier-League
Dejan Kulusevski,Tottenham,"MF,FW",24,2000,32,27,2389,26.5,7,4,11,7,0,0,3,0,4.2,4.2,6.2,10.4,120,124,210,0.26,0.15,0.41,0.26,0.41,0.16,0.23,0.39,0.16,0.39,Premier-League
Antony,Manchester Utd,"DF,MF",24,2000,8,0,141,1.6,0,0,0,0,0,0,0,0,1.0,1.0,0.1,1.1,5,6,7,0.00,0.00,0.00,0.00,0.00,0.65,0.08,0.73,0.65,0.73,Premier-League
Joshua Zirkzee,Manchester Utd,"FW,MF",23,2001,32,14,1402,15.6,3,1,4,3,0,0,2,0,4.8,4.8,1.5,6.3,14,44,69,0.19,0.06,0.26,0.19,0.26,0.31,0.10,0.41,0.31,0.41,Premier-League
Daichi Kamada,Crystal Palace,MF,27,1996,34,15,1564,17.4,0,0,0,0,0,0,4,1,1.1,1.1,1.9,3.0,25,89,56,0.00,0.00,0.00,0.00,0.00,0.06,0.11,0.17,0.06,0.17,Premier-League
Nikola Milenković,Nott'ham Forest,DF,26,1997,37,37,3330,37.0,5,2,7,5,0,0,4,0,4.0,4.0,1.1,5.1,3,51,6,0.14,0.05,0.19,0.14,0.19,0.11,0.03,0.14,0.11,0.14,Premier-League
David Raya,Arsenal,GK,28,1995,38,38,3420,38.0,0,0,0,0,0,0,3,0,0.0,0.0,0.0,0.0,0,14,0,0.00,0.00,0.00,0.00,0.00,0.00,0.00,0.00,0.00,0.00,Premier-League
Reiss Nelson,Arsenal,FW,24,1999,1,0,3,0.0,0,0,0,0,0,0,0,0,0.0,0.0,0.0,0.0,0,0,0,0.00,0.00,0.00,0.00,0.00,0.00,0.00,0.00,0.00,0.00,Premier-League
Reiss Nelson,Arsenal,FW,24,1999,11,5,487,5.4,1,1,2,1,0,0,1,0,1.1,1.1,1.0,2.1,45,35,63,0.18,0.18,0.37,0.18,0.37,0.20,0.18,0.39,0.20,0.39,Premier-League
Takehiro Tomiyasu,Arsenal,DF,25,1998,1,0,7,0.1,0,0,0,0,0,0,0,0,0.2,0.2,0.0,0.2,0,1,0,0.00,0.00,0.00,0.00,0.00,2.37,0.00,2.37,2.37,2.37,Premier-League
Dean Henderson,Crystal Palace,GK,27,1997,38,38,3420,38.0,0,0,0,0,0,0,3,0,0.0,0.0,0.2,0.2,0,0,0,0.00,0.00,0.00,0.00,0.00,0.00,0.00,0.00,0.00,0.00,Premier-League
Eberechi Eze,Crystal Palace,"MF,FW",26,1998,34,31,2588,28.8,8,8,16,7,1,2,1,0,10.5,8.9,6.2,15.1,69,97,153,0.28,0.28,0.56,0.24,0.52,0.36,0.22,0.58,0.31,0.53,Premier-League
Edson Álvarez,West Ham,MF,26,1997,28,20,1772,19.7,0,1,1,0,0,0,9,1,0.4,0.4,0.8,1.2,24,85,18,0.00,0.05,0.05,0.00,0.05,0.02,0.04,0.06,0.02,0.06,Premier-League
Max Kilman,West Ham,DF,27,1997,38,38,3348,37.2,0,1,1,0,0,0,5,0,1.6,1.6,1.2,2.8,31,113,6,0.00,0.03,0.03,0.00,0.03,0.04,0.03,0.08,0.04,0.08,Premier-League
Ian Maatsen,Aston Villa,DF,22,2002,29,10,1139,12.7,1,2,3,1,0,0,2,0,0.9,0.9,2.7,3.6,31,50,104,0.08,0.16,0.24,0.08,0.24,0.07,0.22,0.28,0.07,0.28,Premier-League
Pau Torres,Aston Villa,DF,27,1997,24,23,2020,22.4,0,0,0,0,0,0,2,0,0.5,0.5,0.1,0.6,40,97,8,0.00,0.00,0.00,0.00,0.00,0.02,0.01,0.03,0.02,0.03,Premier-League
Tyrone Mings,Aston Villa,DF,31,1993,14,12,1120,12.4,0,0,0,0,0,0,1,0,0.8,0.8,0.2,1.0,7,40,1,0.00,0.00,0.00,0.00,0.00,0.07,0.02,0.08,0.07,0.08,Premier-League
Matt Targett,Newcastle Utd,DF,28,1995,2,0,21,0.2,0,0,0,0,0,0,0,0,0.0,0.0,0.0,0.0,0,0,1,0.00,0.00,0.00,0.00,0.00,0.00,0.00,0.00,0.00,0.00,Premier-League
Ederson,Manchester City,GK,30,1993,26,26,2320,25.8,0,4,4,0,0,0,4,0,0.0,0.0,1.5,1.5,0,2,0,0.00,0.16,0.16,0.00,0.16,0.00,0.06,0.06,0.00,0.06,Premier-League
Ben Chilwell,Chelsea,DF,27,1996,8,1,259,2.9,1,0,1,1,0,0,1,0,0.2,0.2,0.8,1.0,5,8,15,0.35,0.00,0.35,0.35,0.35,0.08,0.26,0.34,0.08,0.34,Premier-League
Levi Colwill,Chelsea,DF,21,2003,35,35,3149,35.0,2,1,3,2,0,0,9,0,1.9,1.9,1.1,3.0,14,131,12,0.06,0.03,0.09,0.06,0.09,0.05,0.03,0.09,0.05,0.09,Premier-League
Liam Delap,Chelsea,FW,21,2003,37,32,2593,28.8,12,2,14,10,2,2,12,0,9.3,7.8,1.9,9.7,61,30,110,0.42,0.07,0.49,0.35,0.42,0.32,0.07,0.39,0.27,0.34,Premier-League
Mykhailo Mudryk,Chelsea,FW,23,2001,7,1,151,1.7,0,0,0,0,0,0,0,0,0.3,0.3,1.0,1.2,7,5,12,0.00,0.00,0.00,0.00,0.00,0.15,0.58,0.73,0.15,0.73,Premier-League
Nicolas Jackson,Chelsea,FW,23,2001,30,28,2220,24.7,10,5,15,10,0,0,7,1,12.3,12.3,4.3,16.6,47,38,129,0.41,0.20,0.61,0.41,0.61,0.50,0.17,0.67,0.50,0.67,Premier-League
James Tarkowski,Everton,DF,31,1992,33,33,2922,32.5,1,1,2,1,0,0,6,0,1.3,1.3,2.9,4.2,9,75,3,0.03,0.03,0.06,0.03,0.06,0.04,0.09,0.13,0.04,0.13,Premier-League
Raúl Jiménez,Fulham,FW,33,1991,38,30,2494,27.7,12,3,15,9,3,3,4,0,12.0,9.6,3.3,12.9,35,62,125,0.43,0.11,0.54,0.32,0.43,0.43,0.12,0.55,0.35,0.47,Premier-League
Emerson Palmieri,West Ham,DF,29,1994,31,26,2113,23.5,2,1,3,2,0,0,5,0,2.0,2.0,1.5,3.4,47,66,83,0.09,0.04,0.13,0.09,0.13,0.08,0.06,0.15,0.08,0.15,Premier-League
Jurriën Timber,Arsenal,DF,23,2001,30,27,2417,26.9,1,3,4,1,0,0,7,0,1.2,1.2,0.8,2.1,57,146,104,0.04,0.11,0.15,0.04,0.15,0.05,0.03,0.08,0.05,0.08,Premier-League
Leandro Trossard,Arsenal,FW,29,1994,38,28,2546,28.3,8,7,15,8,0,0,4,1,7.2,7.2,6.1,13.3,80,101,226,0.28,0.25,0.53,0.28,0.53,0.25,0.22,0.47,0.25,0.47,Premier-League
Dominic Solanke,Tottenham,FW,26,1997,27,25,2201,24.5,9,3,12,8,1,1,0,0,10.9,10.1,2.9,13.1,31,47,88,0.37,0.12,0.49,0.33,0.45,0.45,0.12,0.57,0.41,0.54,Premier-League
Richarlison,Tottenham,FW,27,1997,15,4,504,5.6,4,1,5,4,0,0,2,0,3.7,3.7,0.9,4.6,8,11,22,0.71,0.18,0.89,0.71,0.89,0.66,0.16,0.82,0.66,0.82,Premier-League
Eddie Nketiah,Crystal Palace,"FW,MF",25,1999,29,9,1034,11.5,3,1,4,3,0,0,6,1,5.8,5.8,1.7,7.4,41,19,79,0.26,0.09,0.35,0.26,0.35,0.50,0.15,0.65,0.50,0.65,Premier-League
Odsonne Édouard,Crystal Palace,"MF,FW",26,1998,2,1,115,1.3,0,0,0,0,0,0,0,0,0.4,0.4,0.0,0.4,3,4,7,0.00,0.00,0.00,0.00,0.00,0.31,0.04,0.34,0.31,0.34,Premier-League
Odsonne Édouard,Crystal Palace,FW,26,1998,4,0,29,0.3,0,0,0,0,0,0,0,0,0.0,0.0,0.0,0.0,0,1,2,0.00,0.00,0.00,0.00,0.00,0.00,0.13,0.13,0.00,0.13,Premier-League
Jack Harrison,Leeds United,FW,27,1996,34,24,2076,23.1,1,0,1,1,0,0,0,0,3.5,3.5,3.7,7.2,73,51,127,0.04,0.00,0.04,0.04,0.04,0.15,0.16,0.31,0.15,0.31,Premier-League
Aaron Wan-Bissaka,West Ham,DF,26,1997,36,35,3154,35.0,2,5,7,2,0,0,1,0,1.2,1.2,3.5,4.7,110,149,167,0.06,0.14,0.20,0.06,0.20,0.03,0.10,0.14,0.03,0.14,Premier-League
Niclas Füllkrug,West Ham,FW,31,1993,18,6,790,8.8,3,2,5,3,0,0,2,0,2.2,2.2,1.9,4.1,7,14,31,0.34,0.23,0.57,0.34,0.57,0.25,0.22,0.46,0.25,0.46,Premier-League
Tomáš Souček,West Ham,MF,29,1995,35,30,2567,28.5,9,1,10,9,0,0,8,0,6.7,6.7,1.0,7.8,9,74,68,0.32,0.04,0.35,0.32,0.35,0.24,0.04,0.27,0.24,0.27,Premier-League
Gonçalo Guedes,Wolves,"MF,FW",27,1996,29,10,995,11.1,2,4,6,2,0,0,1,0,3.2,3.2,1.3,4.5,41,40,79,0.18,0.36,0.54,0.18,0.54,0.29,0.11,0.40,0.29,0.40,Premier-League
Sven Botman,Newcastle Utd,DF,24,2000,8,6,412,4.6,0,0,0,0,0,0,1,0,0.5,0.5,0.5,1.1,0,7,0,0.00,0.00,0.00,0.00,0.00,0.12,0.12,0.24,0.12,0.24,Premier-League
Stefan Ortega,Manchester City,GK,31,1992,13,12,1100,12.2,0,0,0,0,0,0,1,0,0.0,0.0,0.0,0.0,0,0,0,0.00,0.00,0.00,0.00,0.00,0.00,0.00,0.00,0.00,0.00,Premier-League
Benoît Badiashile,Chelsea,DF,23,2001,5,3,334,3.7,0,0,0,0,0,0,0,0,0.0,0.0,0.0,0.0,3,17,2,0.00,0.00,0.00,0.00,0.00,0.00,0.00,0.00,0.00,0.00,Premier-League
Chris Wood,Nott'ham Forest,FW,32,1991,36,35,2959,32.9,20,3,23,17,3,3,1,0,13.4,11.0,2.6,13.6,14,42,94,0.61,0.09,0.70,0.52,0.61,0.41,0.08,0.49,0.34,0.42,Premier-League
Joachim Andersen,Fulham,DF,28,1996,1,1,90,1.0,0,0,0,0,0,0,1,0,0.0,0.0,0.0,0.0,1,4,1,0.00,0.00,0.00,0.00,0.00,0.04,0.00,0.04,0.04,0.04,Premier-League
Joachim Andersen,Fulham,DF,28,1996,29,29,2583,28.7,0,0,0,0,0,0,6,1,1.0,1.0,0.5,1.5,16,112,2,0.00,0.00,0.00,0.00,0.00,0.04,0.02,0.05,0.04,0.05,Premier-League
Ferdi Kadioglu,Brighton,"DF,MF",24,1999,6,5,385,4.3,1,0,1,1,0,0,1,0,0.4,0.4,0.2,0.6,1,15,27,0.23,0.00,0.23,0.23,0.23,0.10,0.04,0.14,0.10,0.14,Premier-League
Diogo Dalot,Manchester Utd,DF,25,1999,33,31,2814,31.3,0,3,3,0,0,0,5,0,2.0,2.0,2.0,4.1,62,103,168,0.00,0.10,0.10,0.00,0.10,0.07,0.07,0.13,0.07,0.13,Premier-League
Rasmus Højlund,Manchester Utd,FW,21,2003,32,23,2004,22.3,4,0,4,4,0,0,2,0,5.3,5.3,1.8,7.1,28,18,101,0.18,0.00,0.18,0.18,0.18,0.24,0.08,0.32,0.24,0.32,Premier-League
Pedro Porro,Tottenham,DF,24,1999,33,28,2610,29.0,2,6,8,2,0,0,5,0,1.6,1.6,5.0,6.6,65,154,109,0.07,0.21,0.28,0.07,0.28,0.05,0.17,0.23,0.05,0.23,Premier-League
Radu Drăgușin,Tottenham,DF,22,2002,16,14,1252,13.9,0,0,0,0,0,0,1,0,0.1,0.1,0.4,0.5,7,37,2,0.00,0.00,0.00,0.00,0.00,0.01,0.03,0.04,0.01,0.04,Premier-League
Evanilson,Bournemouth,FW,24,1999,31,28,2319,25.8,10,1,11,10,0,1,1,1,12.5,11.7,1.9,13.6,29,28,99,0.39,0.04,0.43,0.39,0.43,0.48,0.07,0.56,0.45,0.53,Premier-League
Michail Antonio,West Ham,FW,34,1990,14,11,836,9.3,1,1,2,1,0,0,1,0,2.2,2.2,1.6,3.8,29,18,59,0.11,0.11,0.22,0.11,0.22,0.24,0.17,0.41,0.24,0.41,Premier-League
Joe Gomez,Liverpool,DF,27,1997,9,6,519,5.8,0,0,0,0,0,0,1,0,0.3,0.3,0.1,0.4,5,35,2,0.00,0.00,0.00,0.00,0.00,0.06,0.02,0.08,0.06,0.08,Premier-League
Ben Davies,Tottenham,DF,31,1993,17,14,1331,14.8,0,0,0,0,0,0,5,0,0.3,0.3,0.2,0.5,14,52,6,0.00,0.00,0.00,0.00,0.00,0.02,0.01,0.03,0.02,0.03,Premier-League
Justin Kluivert,Bournemouth,MF,25,1999,34,29,2340,26.0,12,6,18,6,6,6,8,0,10.3,5.6,4.8,10.5,81,105,173,0.46,0.23,0.69,0.23,0.46,0.40,0.19,0.58,0.22,0.40,Premier-League
Matty Cash,Aston Villa,DF,26,1997,27,24,2070,23.0,1,1,2,1,0,0,7,0,0.5,0.5,1.1,1.6,48,42,90,0.04,0.04,0.09,0.04,0.09,0.02,0.05,0.07,0.02,0.07,Premier-League
Harvey Barnes,Newcastle Utd,FW,26,1997,33,17,1755,19.5,9,4,13,9,0,0,0,0,7.2,7.2,4.0,11.2,93,83,192,0.46,0.21,0.67,0.46,0.67,0.37,0.20,0.57,0.37,0.57,Premier-League
Joe Willock,Newcastle Utd,"MF,FW",24,1999,32,11,1086,12.1,0,2,2,0,0,0,4,0,1.6,1.6,2.1,3.8,38,41,86,0.00,0.17,0.17,0.00,0.17,0.14,0.18,0.31,0.14,0.31,Premier-League
Kiernan Dewsbury-Hall,Chelsea,"MF,FW",25,1998,13,2,264,2.9,0,1,1,0,0,0,0,0,0.2,0.2,1.1,1.3,5,14,11,0.00,0.34,0.34,0.00,0.34,0.08,0.36,0.44,0.08,0.44,Premier-League
Kaoru Mitoma,Brighton,"FW,MF",27,1997,36,28,2603,28.9,10,4,14,10,0,0,1,0,9.2,9.2,4.6,13.8,146,89,291,0.35,0.14,0.48,0.35,0.48,0.32,0.16,0.48,0.32,0.48,Premier-League
Lewis Dunk,Brighton,DF,32,1991,25,23,2083,23.1,0,0,0,0,0,0,5,0,0.8,0.8,0.5,1.3,20,142,3,0.00,0.00,0.00,0.00,0.00,0.03,0.02,0.06,0.03,0.06,Premier-League
Callum Hudson-Odoi,Nott'ham Forest,"FW,MF",23,2000,31,25,2194,24.4,5,2,7,5,0,0,2,0,2.5,2.5,2.7,5.2,130,71,189,0.21,0.08,0.29,0.21,0.29,0.10,0.11,0.21,0.10,0.21,Premier-League
Morgan Gibbs-White,Nott'ham Forest,MF,24,2000,34,34,2803,31.1,7,8,15,7,0,0,11,1,6.3,6.3,5.0,11.2,69,164,136,0.22,0.26,0.48,0.22,0.48,0.20,0.16,0.36,0.20,0.36,Premier-League
Alex Iwobi,Fulham,"FW,MF",28,1996,38,35,2981,33.1,9,6,15,9,0,0,1,0,4.7,4.7,7.0,11.8,144,213,246,0.27,0.18,0.45,0.27,0.45,0.14,0.21,0.36,0.14,0.36,Premier-League
Tyrell Malacia,Manchester Utd,DF,24,1999,3,2,100,1.1,0,0,0,0,0,0,1,0,0.0,0.0,0.0,0.0,3,3,6,0.00,0.00,0.00,0.00,0.00,0.00,0.03,0.03,0.00,0.03,Premier-League
Archie Gray,Tottenham,"DF,MF",18,2006,28,19,1751,19.5,0,0,0,0,0,0,1,0,0.0,0.0,0.1,0.2,7,40,17,0.00,0.00,0.00,0.00,0.00,0.00,0.01,0.01,0.00,0.01,Premier-League
Destiny Udogie,Tottenham,DF,21,2002,25,24,1924,21.4,0,1,1,0,0,0,2,0,0.3,0.3,1.5,1.8,54,121,94,0.00,0.05,0.05,0.00,0.05,0.01,0.07,0.08,0.01,0.08,Premier-League
Guglielmo Vicario,Tottenham,GK,27,1996,24,24,2160,24.0,0,0,0,0,0,0,1,0,0.0,0.0,0.0,0.0,0,1,0,0.00,0.00,0.00,0.00,0.00,0.00,0.00,0.00,0.00,0.00,Premier-League
Rodrigo Bentancur,Tottenham,MF,27,1997,26,21,1645,18.3,2,0,2,2,0,0,9,0,1.3,1.3,0.4,1.7,28,100,34,0.11,0.00,0.11,0.11,0.11,0.07,0.02,0.10,0.07,0.10,Premier-League
Antoine Semenyo,Bournemouth,FW,24,2000,37,36,3203,35.6,11,5,16,11,0,0,9,0,10.0,10.0,5.8,15.8,140,109,282,0.31,0.14,0.45,0.31,0.45,0.28,0.16,0.44,0.28,0.44,Premier-League
Guido Rodríguez,West Ham,MF,30,1994,23,16,1149,12.8,0,1,1,0,0,0,6,0,0.2,0.2,0.2,0.4,4,33,7,0.00,0.08,0.08,0.00,0.08,0.02,0.01,0.03,0.02,0.03,Premier-League
Conor Bradley,Liverpool,DF,21,2003,19,7,754,8.4,0,2,2,0,0,0,4,0,0.7,0.7,1.4,2.1,35,33,39,0.00,0.24,0.24,0.00,0.24,0.08,0.17,0.25,0.08,0.25,Premier-League
Kostas Tsimikas,Liverpool,DF,28,1996,18,9,837,9.3,0,1,1,0,0,0,2,0,0.4,0.4,2.1,2.5,17,76,43,0.00,0.11,0.11,0.00,0.11,0.04,0.23,0.27,0.04,0.27,Premier-League
Emi Buendía,Aston Villa,"MF,FW",27,1996,12,0,98,1.1,0,0,0,0,0,0,1,0,0.7,0.7,0.0,0.7,3,7,6,0.00,0.00,0.00,0.00,0.00,0.60,0.02,0.62,0.60,0.62,Premier-League
Ezri Konsa,Aston Villa,DF,26,1997,34,33,2936,32.6,2,0,2,2,0,0,1,0,1.3,1.3,0.4,1.7,24,90,11,0.06,0.00,0.06,0.06,0.06,0.04,0.01,0.05,0.04,0.05,Premier-League
Morgan Rogers,Aston Villa,"FW,MF",22,2002,37,37,3114,34.6,8,10,18,8,0,0,10,0,6.6,6.6,7.8,14.4,114,123,188,0.23,0.29,0.52,0.23,0.52,0.19,0.23,0.42,0.19,0.42,Premier-League
Georginio Rutter,Brighton,"MF,FW",22,2002,28,19,1656,18.4,5,3,8,5,0,0,2,0,4.6,4.6,2.5,7.1,42,67,79,0.27,0.16,0.43,0.27,0.43,0.25,0.14,0.39,0.25,0.39,Premier-League
Ibrahim Sangaré,Nott'ham Forest,MF,26,1997,13,7,590,6.6,0,1,1,0,0,0,3,0,0.0,0.0,0.4,0.4,1,27,4,0.00,0.15,0.15,0.00,0.15,0.00,0.06,0.06,0.00,0.06,Premier-League
Brennan Johnson,Tottenham,FW,23,2001,33,24,2177,24.2,11,3,14,11,0,0,5,0,10.4,10.4,2.3,12.7,60,71,197,0.45,0.12,0.58,0.45,0.58,0.43,0.09,0.52,0.43,0.52,Premier-League
Pape Matar Sarr,Tottenham,MF,21,2002,36,22,1913,21.3,3,2,5,3,0,0,6,0,3.7,3.7,1.6,5.3,33,88,53,0.14,0.09,0.24,0.14,0.24,0.17,0.08,0.25,0.17,0.25,Premier-League
Cheick Doucouré,Crystal Palace,MF,24,2000,13,4,452,5.0,0,0,0,0,0,0,1,0,0.4,0.4,0.0,0.4,2,19,7,0.00,0.00,0.00,0.00,0.00,0.08,0.00,0.08,0.08,0.08,Premier-League
Ismaila Sarr,Crystal Palace,MF,26,1998,38,30,2711,30.1,8,6,14,8,0,0,4,0,10.7,10.7,8.5,19.2,75,85,183,0.27,0.20,0.46,0.27,0.46,0.35,0.28,0.64,0.35,0.64,Premier-League
Jefferson Lerma,Crystal Palace,"MF,DF",29,1994,33,26,2274,25.3,0,1,1,0,0,0,9,0,1.1,1.1,1.6,2.7,13,97,26,0.00,0.04,0.04,0.00,0.04,0.04,0.06,0.11,0.04,0.11,Premier-League
Ryan Christie,Bournemouth,MF,29,1995,29,27,2117,23.5,2,3,5,2,0,0,9,0,1.8,1.8,3.5,5.4,34,137,44,0.09,0.13,0.21,0.09,0.21,0.08,0.15,0.23,0.08,0.23,Premier-League
Ibrahima Konaté,Liverpool,DF,25,1999,31,30,2560,28.4,1,2,3,1,0,0,5,0,1.7,1.7,1.0,2.7,25,115,3,0.04,0.07,0.11,0.04,0.11,0.06,0.03,0.10,0.06,0.10,Premier-League
Jacob Ramsey,Aston Villa,"FW,MF",23,2001,29,19,1623,18.0,1,3,4,1,0,0,4,1,1.6,1.6,2.3,3.9,61,68,114,0.06,0.17,0.22,0.06,0.22,0.09,0.13,0.22,0.09,0.22,Premier-League
Hwang Hee-chan,Wolves,"MF,FW",28,1996,21,5,661,7.3,2,0,2,2,0,0,0,0,0.8,0.8,0.1,0.9,15,12,42,0.27,0.00,0.27,0.27,0.27,0.11,0.02,0.13,0.11,0.13,Premier-League
João Gomes,Wolves,MF,23,2001,36,35,2974,33.0,3,1,4,3,0,0,11,1,2.9,2.9,1.2,4.1,59,165,76,0.09,0.03,0.12,0.09,0.12,0.09,0.04,0.12,0.09,0.12,Premier-League
Dan Burn,Newcastle Utd,DF,32,1992,37,37,3330,37.0,1,1,2,1,0,0,11,0,2.0,2.0,0.9,2.8,12,75,14,0.03,0.03,0.05,0.03,0.05,0.05,0.02,0.08,0.05,0.08,Premier-League
Michael Keane,Everton,DF,31,1993,14,11,1049,11.7,3,0,3,3,0,0,5,0,0.6,0.6,0.1,0.7,1,14,3,0.26,0.00,0.26,0.26,0.26,0.05,0.01,0.06,0.05,0.06,Premier-League
Issa Diop,Fulham,DF,27,1997,21,15,1339,14.9,0,0,0,0,0,0,2,0,0.5,0.5,0.1,0.6,6,25,3,0.00,0.00,0.00,0.00,0.00,0.04,0.01,0.04,0.04,0.04,Premier-League
Lucas Bergvall,Tottenham,MF,18,2006,27,11,1212,13.5,0,1,1,0,0,0,3,0,0.7,0.7,0.6,1.3,33,49,31,0.00,0.07,0.07,0.00,0.07,0.05,0.04,0.09,0.05,0.09,Premier-League
Luis Sinisterra,Bournemouth,"FW,MF",25,1999,12,1,236,2.6,1,1,2,1,0,0,0,0,1.2,1.2,1.4,2.6,19,6,38,0.38,0.38,0.76,0.38,0.76,0.46,0.54,1.00,0.46,1.00,Premier-League
Maxwel Cornet,West Ham,FW,27,1996,2,1,72,0.8,0,0,0,0,0,0,1,0,0.2,0.2,0.0,0.2,1,0,5,0.00,0.00,0.00,0.00,0.00,0.20,0.00,0.20,0.20,0.20,Premier-League
Neco Williams,Nott'ham Forest,DF,23,2001,35,28,2594,28.8,1,3,4,1,0,0,7,0,2.3,2.3,1.6,3.9,68,89,103,0.03,0.10,0.14,0.03,0.14,0.08,0.05,0.13,0.08,0.13,Premier-League
Adama Traoré,Fulham,"FW,MF",28,1996,36,18,1772,19.7,2,7,9,2,0,0,3,0,4.0,4.0,4.9,8.9,100,68,161,0.10,0.36,0.46,0.10,0.46,0.20,0.25,0.45,0.20,0.45,Premier-League
Kenny Tete,Fulham,DF,28,1995,22,21,1774,19.7,0,2,2,0,0,0,5,0,1.4,1.4,0.9,2.3,34,63,54,0.00,0.10,0.10,0.00,0.10,0.07,0.05,0.12,0.07,0.12,Premier-League
Timothy Castagne,Fulham,DF,28,1995,24,17,1649,18.3,0,1,1,0,0,0,1,0,0.4,0.4,1.2,1.6,17,62,67,0.00,0.05,0.05,0.00,0.05,0.02,0.07,0.09,0.02,0.09,Premier-League
Saša Lukić,Fulham,MF,27,1996,30,28,2344,26.0,0,2,2,0,0,0,12,0,1.2,1.2,2.7,3.9,39,98,33,0.00,0.08,0.08,0.00,0.08,0.04,0.11,0.15,0.04,0.15,Premier-League
Daniel Muñoz,Crystal Palace,DF,28,1996,37,37,3228,35.9,4,5,9,4,0,0,10,0,4.9,4.9,5.5,10.5,62,97,206,0.11,0.14,0.25,0.11,0.25,0.14,0.15,0.29,0.14,0.29,Premier-League
Will Hughes,Crystal Palace,MF,29,1995,33,24,2108,23.4,0,3,3,0,0,0,11,0,1.1,1.1,3.1,4.2,20,87,27,0.00,0.13,0.13,0.00,0.13,0.05,0.13,0.18,0.05,0.18,Premier-League
Lewis Cook,Bournemouth,"MF,DF",27,1997,36,32,2978,33.1,1,3,4,1,0,0,8,1,0.9,0.9,4.1,5.1,33,158,52,0.03,0.09,0.12,0.03,0.12,0.03,0.12,0.15,0.03,0.15,Premier-League
Tyler Adams,Bournemouth,MF,25,1999,28,21,1965,21.8,0,3,3,0,0,0,7,0,1.6,1.6,1.0,2.6,14,76,10,0.00,0.14,0.14,0.00,0.14,0.07,0.05,0.12,0.07,0.12,Premier-League
Ross Barkley,Aston Villa,MF,30,1993,20,3,581,6.5,3,1,4,3,0,0,3,0,1.8,1.8,0.6,2.4,15,36,10,0.46,0.15,0.62,0.46,0.62,0.27,0.10,0.37,0.27,0.37,Premier-League
Fabian Schär,Newcastle Utd,DF,32,1991,34,33,2934,32.6,4,0,4,4,0,0,9,1,3.7,3.7,0.4,4.1,18,118,22,0.12,0.00,0.12,0.12,0.12,0.11,0.01,0.13,0.11,0.13,Premier-League
Nick Pope,Newcastle Utd,GK,32,1992,28,28,2520,28.0,0,0,0,0,0,0,2,0,0.0,0.0,0.0,0.0,0,1,0,0.00,0.00,0.00,0.00,0.00,0.00,0.00,0.00,0.00,0.00,Premier-League
Nicolás González,Manchester City,MF,22,2002,11,9,760,8.4,1,0,1,1,0,0,3,0,0.5,0.5,0.1,0.5,9,50,11,0.12,0.00,0.12,0.12,0.12,0.06,0.01,0.06,0.06,0.06,Premier-League
Robert Sánchez,Chelsea,GK,26,1997,32,32,2880,32.0,0,0,0,0,0,0,5,0,0.0,0.0,0.1,0.1,0,1,0,0.00,0.00,0.00,0.00,0.00,0.00,0.00,0.00,0.00,0.00,Premier-League
Danny Welbeck,Brighton,FW,33,1990,30,24,2115,23.5,10,4,14,9,1,1,5,0,9.6,8.8,1.4,10.1,21,47,95,0.43,0.17,0.60,0.38,0.55,0.41,0.06,0.46,0.37,0.43,Premier-League
James Milner,Brighton,MF,38,1986,4,3,170,1.9,0,0,0,0,0,0,1,0,0.2,0.2,0.2,0.4,1,10,10,0.00,0.00,0.00,0.00,0.00,0.09,0.12,0.21,0.09,0.21,Premier-League
Mats Wieffer,Brighton,"DF,MF",24,1999,25,10,1015,11.3,1,3,4,1,0,0,6,0,0.8,0.8,1.6,2.4,18,62,23,0.09,0.27,0.35,0.09,0.35,0.07,0.14,0.21,0.07,0.21,Premier-League
Emile Smith Rowe,Fulham,MF,24,2000,34,25,2043,22.7,6,3,9,6,0,0,3,0,4.5,4.5,1.4,6.0,53,126,127,0.26,0.13,0.40,0.26,0.40,0.20,0.06,0.26,0.20,0.26,Premier-League
Jakub Kiwior,Arsenal,DF,24,2000,17,10,1122,12.5,1,0,1,1,0,0,1,0,0.2,0.2,0.3,0.5,5,48,1,0.08,0.00,0.08,0.08,0.08,0.01,0.03,0.04,0.01,0.04,Premier-League
Vitaliy Mykolenko,Everton,DF,25,1999,35,35,3082,34.2,1,2,3,1,0,0,4,0,0.5,0.5,2.6,3.1,33,110,99,0.03,0.06,0.09,0.03,0.09,0.01,0.08,0.09,0.01,0.09,Premier-League
Yves Bissouma,Tottenham,MF,27,1996,28,16,1408,15.6,2,0,2,2,0,0,7,0,0.6,0.6,0.3,0.9,15,75,3,0.13,0.00,0.13,0.13,0.13,0.04,0.02,0.06,0.04,0.06,Premier-League
Chris Richards,Crystal Palace,DF,24,2000,24,22,1922,21.4,1,0,1,1,0,0,4,1,1.4,1.4,0.1,1.5,6,39,2,0.05,0.00,0.05,0.05,0.05,0.06,0.00,0.07,0.06,0.07,Premier-League
Luis Díaz,Liverpool,FW,27,1997,36,28,2399,26.7,13,5,18,13,0,0,2,0,12.0,12.0,5.0,17.1,108,110,293,0.49,0.19,0.68,0.49,0.68,0.45,0.19,0.64,0.45,0.64,Premier-League
Boubacar Traoré,Wolves,MF,22,2001,1,0,1,0.0,0,0,0,0,0,0,0,0,0.0,0.0,0.0,0.0,0,0,0,0.00,0.00,0.00,0.00,0.00,0.00,0.00,0.00,0.00,0.00,Premier-League
Emil Krafth,Newcastle Utd,DF,29,1994,12,2,342,3.8,0,0,0,0,0,0,2,0,0.0,0.0,0.1,0.1,5,8,3,0.00,0.00,0.00,0.00,0.00,0.01,0.02,0.03,0.01,0.03,Premier-League
Adam Webster,Brighton,DF,29,1995,14,11,887,9.9,0,0,0,0,0,0,1,0,0.2,0.2,0.5,0.7,8,63,2,0.00,0.00,0.00,0.00,0.00,0.03,0.05,0.08,0.03,0.08,Premier-League
Séamus Coleman,Everton,DF,35,1988,5,3,215,2.4,0,0,0,0,0,0,1,0,0.6,0.6,0.0,0.6,1,11,7,0.00,0.00,0.00,0.00,0.00,0.24,0.00,0.24,0.24,0.24,Premier-League
Sander Berge,Fulham,MF,26,1998,31,26,2224,24.7,0,0,0,0,0,0,6,0,0.4,0.4,0.6,1.0,29,124,9,0.00,0.00,0.00,0.00,0.00,0.01,0.03,0.04,0.01,0.04,Premier-League
Alejandro Garnacho,Manchester Utd,"MF,FW",20,2004,36,23,2199,24.4,6,2,8,6,0,0,3,0,7.3,7.3,4.5,11.8,141,56,290,0.25,0.08,0.33,0.25,0.33,0.30,0.19,0.48,0.30,0.48,Premier-League
Micky van de Ven,Tottenham,DF,23,2001,13,12,1015,11.3,0,2,2,0,0,0,4,0,0.6,0.6,1.2,1.7,8,51,1,0.00,0.18,0.18,0.00,0.18,0.05,0.10,0.15,0.05,0.15,Premier-League
Jean-Philippe Mateta,Crystal Palace,FW,27,1997,37,33,2648,29.4,14,2,16,12,2,2,2,0,13.5,11.9,3.2,15.1,45,52,122,0.48,0.07,0.54,0.41,0.48,0.46,0.11,0.57,0.41,0.51,Premier-League
Marc Guéhi,Crystal Palace,DF,24,2000,34,34,3059,34.0,3,2,5,3,0,0,9,1,2.0,2.0,1.8,3.7,22,134,10,0.09,0.06,0.15,0.09,0.15,0.06,0.05,0.11,0.06,0.11,Premier-League
Maxence Lacroix,Crystal Palace,DF,24,2000,35,35,3116,34.6,1,1,2,1,0,0,5,0,3.4,3.4,1.0,4.4,8,65,7,0.03,0.03,0.06,0.03,0.06,0.10,0.03,0.13,0.10,0.13,Premier-League
Nathaniel Clyne,Crystal Palace,"DF,MF",33,1991,13,5,483,5.4,0,0,0,0,0,0,1,0,0.0,0.0,0.3,0.3,6,7,8,0.00,0.00,0.00,0.00,0.00,0.00,0.06,0.06,0.00,0.06,Premier-League
David Brooks,Bournemouth,"FW,MF",27,1997,29,9,960,10.7,2,0,2,2,0,0,3,0,2.5,2.5,1.9,4.4,35,35,83,0.19,0.00,0.19,0.19,0.19,0.24,0.18,0.41,0.24,0.41,Premier-League
Marcos Senesi,Bournemouth,DF,27,1997,17,13,1106,12.3,0,0,0,0,0,0,5,0,0.8,0.8,0.2,1.1,12,62,7,0.00,0.00,0.00,0.00,0.00,0.07,0.02,0.09,0.07,0.09,Premier-League
Neto,Bournemouth,GK,35,1989,2,2,180,2.0,0,0,0,0,0,0,0,0,0.0,0.0,0.0,0.0,0,0,0,0.00,0.00,0.00,0.00,0.00,0.00,0.00,0.00,0.00,0.00,Premier-League
Konstantinos Mavropanos,West Ham,DF,26,1997,33,21,2045,22.7,0,0,0,0,0,0,6,1,1.5,1.5,0.5,2.0,17,61,2,0.00,0.00,0.00,0.00,0.00,0.07,0.02,0.09,0.07,0.09,Premier-League
Wataru Endo,Liverpool,"MF,DF",31,1993,20,1,273,3.0,0,0,0,0,0,0,0,0,0.0,0.0,0.1,0.1,1,19,8,0.00,0.00,0.00,0.00,0.00,0.00,0.02,0.02,0.00,0.02,Premier-League
Marshall Munetsi,Wolves,"MF,FW",28,1996,14,12,1078,12.0,2,1,3,2,0,0,0,0,3.3,3.3,1.8,5.1,9,10,35,0.17,0.08,0.25,0.17,0.25,0.28,0.15,0.42,0.28,0.42,Premier-League
Matt Doherty,Wolves,DF,32,1992,30,25,2109,23.4,2,1,3,2,0,0,6,0,1.0,1.0,1.5,2.6,29,79,41,0.09,0.04,0.13,0.09,0.13,0.04,0.07,0.11,0.04,0.11,Premier-League
Valentino Livramento,Newcastle Utd,DF,21,2002,37,32,2840,31.6,0,1,1,0,0,0,1,0,0.3,0.3,2.6,2.9,83,158,119,0.00,0.03,0.03,0.00,0.03,0.01,0.08,0.09,0.01,0.09,Premier-League
Jeremy Doku,Manchester City,"FW,MF",22,2002,29,16,1516,16.8,3,6,9,3,0,0,1,0,1.3,1.3,4.8,6.1,213,69,286,0.18,0.36,0.53,0.18,0.53,0.08,0.29,0.36,0.08,0.36,Premier-League
Oscar Bobb,Manchester City,FW,21,2003,3,0,16,0.2,0,0,0,0,0,0,0,0,0.0,0.0,0.1,0.1,1,1,1,0.00,0.00,0.00,0.00,0.00,0.00,0.41,0.41,0.00,0.41,Premier-League
Keane Lewis-Potter,Brentford,"DF,FW",23,2001,38,36,3093,34.4,1,3,4,1,0,0,7,0,3.1,3.1,3.2,6.3,98,98,156,0.03,0.09,0.12,0.03,0.12,0.09,0.09,0.18,0.09,0.18,Premier-League
Mathias Jensen,Brentford,MF,28,1996,24,8,862,9.6,0,2,2,0,0,0,2,0,0.2,0.2,1.7,1.9,6,61,27,0.00,0.21,0.21,0.00,0.21,0.03,0.17,0.20,0.03,0.20,Premier-League
Filip Jørgensen,Chelsea,GK,22,2002,6,6,540,6.0,0,0,0,0,0,0,0,0,0.0,0.0,0.0,0.0,0,0,0,0.00,0.00,0.00,0.00,0.00,0.00,0.00,0.00,0.00,0.00,Premier-League
Marc Guiu,Chelsea,FW,18,2006,3,0,73,0.8,0,0,0,0,0,0,0,0,0.0,0.0,0.0,0.0,0,0,3,0.00,0.00,0.00,0.00,0.00,0.00,0.04,0.04,0.00,0.04,Premier-League
Trevoh Chalobah,Chelsea,DF,25,1999,12,12,1060,11.8,3,0,3,3,0,0,1,0,1.2,1.2,0.4,1.6,11,34,6,0.25,0.00,0.25,0.25,0.25,0.10,0.03,0.14,0.10,0.14,Premier-League
Trevoh Chalobah,Chelsea,DF,25,1999,13,11,910,10.1,0,1,1,0,0,0,2,0,0.8,0.8,1.2,2.0,4,37,2,0.00,0.10,0.10,0.00,0.10,0.08,0.12,0.19,0.08,0.19,Premier-League
Brajan Gruda,Brighton,"MF,FW",20,2004,21,8,687,7.6,1,4,5,1,0,0,0,0,1.2,1.2,2.1,3.3,22,26,57,0.13,0.52,0.66,0.13,0.66,0.16,0.28,0.43,0.16,0.43,Premier-League
Jan Paul van Hecke,Brighton,DF,24,2000,34,33,2958,32.9,1,1,2,1,0,0,8,1,1.3,1.3,1.5,2.8,55,228,5,0.03,0.03,0.06,0.03,0.06,0.04,0.05,0.09,0.04,0.09,Premier-League
João Pedro,Brighton,"FW,MF",22,2001,27,23,1948,21.6,10,6,16,5,5,5,4,1,8.9,5.0,5.0,10.0,66,78,128,0.46,0.28,0.74,0.23,0.51,0.41,0.23,0.64,0.23,0.46,Premier-League
Joël Veltman,Brighton,DF,32,1992,21,19,1697,18.9,0,0,0,0,0,0,5,0,0.5,0.5,0.5,0.9,32,85,34,0.00,0.00,0.00,0.00,0.00,0.02,0.02,0.05,0.02,0.05,Premier-League
Matt O'Riley,Brighton,MF,23,2000,21,11,938,10.4,2,2,4,1,1,1,1,0,2.8,2.0,2.4,4.4,22,38,52,0.19,0.19,0.38,0.10,0.29,0.27,0.23,0.50,0.20,0.42,Premier-League
Pervis Estupiñán,Brighton,DF,26,1998,30,26,2402,26.7,1,1,2,1,0,0,5,0,1.2,1.2,2.1,3.3,59,132,112,0.04,0.04,0.07,0.04,0.07,0.04,0.08,0.12,0.04,0.12,Premier-League
Solly March,Brighton,"FW,MF",30,1994,8,1,168,1.9,0,0,0,0,0,0,2,0,0.1,0.1,0.3,0.4,5,2,20,0.00,0.00,0.00,0.00,0.00,0.05,0.15,0.19,0.05,0.19,Premier-League
Beto,Everton,FW,26,1998,30,15,1534,17.0,8,0,8,8,0,0,2,0,8.2,8.2,1.2,9.4,15,16,77,0.47,0.00,0.47,0.47,0.47,0.48,0.07,0.55,0.48,0.55,Premier-League
Ryan Yates,Nott'ham Forest,MF,26,1997,35,18,1915,21.3,2,1,3,2,0,0,10,0,2.3,2.3,1.2,3.5,18,53,16,0.09,0.05,0.14,0.09,0.14,0.11,0.05,0.16,0.11,0.16,Premier-League
Taiwo Awoniyi,Nott'ham Forest,FW,26,1997,26,3,416,4.6,1,0,1,1,0,0,0,0,2.1,2.1,0.1,2.2,6,7,20,0.22,0.00,0.22,0.22,0.22,0.46,0.02,0.48,0.46,0.48,Premier-League
Andreas Pereira,Fulham,MF,28,1996,33,25,2013,22.4,2,4,6,2,0,1,7,0,3.8,3.0,4.6,7.6,29,104,81,0.09,0.18,0.27,0.09,0.27,0.17,0.21,0.38,0.14,0.34,Premier-League
Antonee Robinson,Fulham,DF,26,1997,36,35,3167,35.2,0,10,10,0,0,0,8,0,0.7,0.7,4.2,4.9,118,131,274,0.00,0.28,0.28,0.00,0.28,0.02,0.12,0.14,0.02,0.14,Premier-League
Harrison Reed,Fulham,MF,29,1995,12,0,108,1.2,0,0,0,0,0,0,2,0,0.2,0.2,0.1,0.3,1,4,7,0.00,0.00,0.00,0.00,0.00,0.21,0.07,0.27,0.21,0.27,Premier-League
Philip Billing,Bournemouth,MF,28,1996,10,1,184,2.0,0,0,0,0,0,0,1,0,0.6,0.6,1.1,1.7,3,15,13,0.00,0.00,0.00,0.00,0.00,0.28,0.54,0.82,0.28,0.82,Premier-League
Emmanuel Agbadou,Wolves,DF,27,1997,16,16,1410,15.7,1,0,1,1,0,0,3,0,0.8,0.8,0.2,1.1,6,31,2,0.06,0.00,0.06,0.06,0.06,0.05,0.02,0.07,0.05,0.07,Premier-League
Lesley Ugochukwu,Chelsea,MF,20,2004,26,18,1655,18.4,1,1,2,1,0,0,7,0,0.9,0.9,1.0,1.9,29,49,20,0.05,0.05,0.11,0.05,0.11,0.05,0.06,0.10,0.05,0.10,Premier-League
Malo Gusto,Chelsea,DF,21,2003,32,19,1862,20.7,0,1,1,0,0,0,4,0,1.7,1.7,1.4,3.1,50,119,85,0.00,0.05,0.05,0.00,0.05,0.08,0.07,0.15,0.08,0.15,Premier-League
Roméo Lavia,Chelsea,MF,20,2004,16,11,797,8.9,0,1,1,0,0,0,4,0,0.3,0.3,0.7,1.0,3,31,7,0.00,0.11,0.11,0.00,0.11,0.03,0.08,0.11,0.03,0.11,Premier-League
Igor,Brighton,DF,26,1998,13,10,961,10.7,0,0,0,0,0,0,4,0,0.0,0.0,0.2,0.2,9,49,1,0.00,0.00,0.00,0.00,0.00,0.00,0.02,0.02,0.00,0.02,Premier-League
Tariq Lamptey,Brighton,DF,23,2000,15,10,860,9.6,2,2,4,2,0,0,0,0,0.4,0.4,0.8,1.2,32,14,45,0.21,0.21,0.42,0.21,0.42,0.04,0.08,0.12,0.04,0.12,Premier-League
Iliman Ndiaye,Everton,FW,24,2000,33,29,2430,27.0,9,0,9,7,2,2,3,0,6.2,4.7,1.9,6.5,86,59,122,0.33,0.00,0.33,0.26,0.26,0.23,0.07,0.30,0.17,0.24,Premier-League
Ola Aina,Nott'ham Forest,DF,27,1996,35,35,2995,33.3,2,1,3,2,0,0,5,0,0.6,0.6,1.4,2.1,67,107,67,0.06,0.03,0.09,0.06,0.09,0.02,0.04,0.06,0.02,0.06,Premier-League
Calvin Bassey,Fulham,DF,24,1999,35,34,3074,34.2,1,0,1,1,0,0,7,0,1.0,1.0,0.1,1.2,39,116,15,0.03,0.00,0.03,0.03,0.03,0.03,0.00,0.03,0.03,0.03,Premier-League
Ryan Sessegnon,Fulham,"FW,DF",24,2000,16,7,580,6.4,4,2,6,4,0,0,1,0,1.6,1.6,1.1,2.7,18,22,59,0.62,0.31,0.93,0.62,0.93,0.25,0.17,0.42,0.25,0.42,Premier-League
Myles Lewis-Skelly,Arsenal,DF,17,2006,23,15,1369,15.2,1,0,1,1,0,0,3,2,0.2,0.2,0.4,0.6,37,71,37,0.07,0.00,0.07,0.07,0.07,0.01,0.03,0.04,0.01,0.04,Premier-League
Patrick Dorgu,Manchester Utd,DF,19,2004,12,10,842,9.4,0,0,0,0,0,0,3,1,0.4,0.4,0.7,1.2,41,34,83,0.00,0.00,0.00,0.00,0.00,0.05,0.08,0.12,0.05,0.12,Premier-League
Djed Spence,Tottenham,DF,23,2000,25,19,1792,19.9,1,2,3,1,0,0,4,1,0.6,0.6,1.8,2.3,59,105,70,0.05,0.10,0.15,0.05,0.15,0.03,0.09,0.12,0.03,0.12,Premier-League
Matheus França,Crystal Palace,"MF,FW",20,2004,4,0,55,0.6,1,0,1,1,0,0,0,0,0.3,0.3,0.0,0.3,4,3,4,1.64,0.00,1.64,1.64,1.64,0.42,0.00,0.42,0.42,0.42,Premier-League
Tyrick Mitchell,Crystal Palace,DF,24,1999,37,37,3092,34.4,0,5,5,0,0,0,2,0,1.3,1.3,6.4,7.7,63,70,171,0.00,0.15,0.15,0.00,0.15,0.04,0.19,0.22,0.04,0.22,Premier-League
Adam Smith,Bournemouth,DF,33,1991,25,19,1590,17.7,0,0,0,0,0,0,7,0,0.7,0.7,0.4,1.1,15,49,34,0.00,0.00,0.00,0.00,0.00,0.04,0.02,0.06,0.04,0.06,Premier-League
Alex Scott,Bournemouth,MF,20,2003,20,8,755,8.4,0,0,0,0,0,0,3,0,0.7,0.7,0.9,1.6,15,52,33,0.00,0.00,0.00,0.00,0.00,0.09,0.11,0.19,0.09,0.19,Premier-League
Harvey Elliott,Liverpool,MF,21,2003,18,2,371,4.1,1,2,3,1,0,0,1,0,1.8,1.8,1.1,2.8,10,44,30,0.24,0.49,0.73,0.24,0.73,0.43,0.26,0.69,0.43,0.69,Premier-League
José Sá,Wolves,GK,31,1993,29,29,2609,29.0,0,0,0,0,0,0,2,0,0.0,0.0,0.2,0.2,0,2,0,0.00,0.00,0.00,0.00,0.00,0.00,0.01,0.01,0.00,0.01,Premier-League
Sam Johnstone,Wolves,GK,31,1993,7,7,630,7.0,0,0,0,0,0,0,0,0,0.0,0.0,0.0,0.0,0,0,0,0.00,0.00,0.00,0.00,0.00,0.00,0.00,0.00,0.00,0.00,Premier-League
Martin Dúbravka,Newcastle Utd,GK,35,1989,10,10,900,10.0,0,0,0,0,0,0,0,0,0.0,0.0,0.0,0.0,0,0,0,0.00,0.00,0.00,0.00,0.00,0.00,0.00,0.00,0.00,0.00,Premier-League
Sávio,Manchester City,"FW,MF",20,2004,29,21,1766,19.6,1,8,9,1,0,0,3,0,5.0,5.0,6.9,11.9,137,67,246,0.05,0.41,0.46,0.05,0.46,0.26,0.35,0.61,0.26,0.61,Premier-League
Vitor Reis,Manchester City,DF,18,2006,1,0,1,0.0,0,0,0,0,0,0,0,0,0.0,0.0,0.0,0.0,0,0,0,0.00,0.00,0.00,0.00,0.00,0.00,0.00,0.00,0.00,0.00,Premier-League
Christian Nørgaard,Brentford,MF,30,1994,34,34,2819,31.3,5,4,9,5,0,0,8,1,4.3,4.3,1.3,5.6,14,154,42,0.16,0.13,0.29,0.16,0.29,0.14,0.04,0.18,0.14,0.18,Premier-League
Fabio Carvalho,Brentford,"FW,MF",21,2002,19,3,455,5.1,2,1,3,2,0,0,1,0,2.5,2.5,0.7,3.2,9,17,23,0.40,0.20,0.59,0.40,0.59,0.49,0.13,0.62,0.49,0.62,Premier-League
Frank Onyeka,Brentford,MF,26,1998,2,0,25,0.3,0,0,0,0,0,0,0,0,0.0,0.0,0.0,0.0,0,1,0,0.00,0.00,0.00,0.00,0.00,0.00,0.00,0.00,0.00,0.00,Premier-League
Kristoffer Ajer,Brentford,DF,26,1998,24,17,1438,16.0,0,0,0,0,0,0,5,0,1.0,1.0,1.2,2.2,27,56,44,0.00,0.00,0.00,0.00,0.00,0.06,0.08,0.14,0.06,0.14,Premier-League
Armando Broja,Chelsea,FW,22,2001,10,4,334,3.7,0,0,0,0,0,0,1,0,0.1,0.1,0.2,0.3,12,2,26,0.00,0.00,0.00,0.00,0.00,0.03,0.05,0.08,0.03,0.08,Premier-League
Axel Disasi,Chelsea,DF,26,1998,7,5,490,5.4,0,0,0,0,0,0,2,0,0.1,0.1,0.4,0.5,10,16,5,0.00,0.00,0.00,0.00,0.00,0.02,0.07,0.09,0.02,0.09,Premier-League
Axel Disasi,Chelsea,DF,26,1998,6,4,364,4.0,1,0,1,1,0,0,1,0,0.3,0.3,0.1,0.4,6,16,2,0.25,0.00,0.25,0.25,0.25,0.07,0.02,0.09,0.07,0.09,Premier-League
Yankuba Minteh,Brighton,"FW,MF",20,2004,32,20,1838,20.4,6,4,10,6,0,0,6,0,4.1,4.1,5.0,9.1,90,48,201,0.29,0.20,0.49,0.29,0.49,0.20,0.24,0.44,0.20,0.44,Premier-League
Elliot Anderson,Nott'ham Forest,MF,21,2002,37,33,2728,30.3,2,6,8,2,0,0,10,0,2.1,2.1,3.3,5.4,52,143,95,0.07,0.20,0.26,0.07,0.26,0.07,0.11,0.18,0.07,0.18,Premier-League
Murillo,Nott'ham Forest,DF,22,2002,36,36,3188,35.4,2,0,2,2,0,0,6,0,1.4,1.4,1.2,2.6,22,115,5,0.06,0.00,0.06,0.06,0.06,0.04,0.03,0.07,0.04,0.07,Premier-League
Willy Boly,Nott'ham Forest,DF,33,1991,6,1,150,1.7,0,0,0,0,0,0,1,0,0.1,0.1,0.0,0.1,0,2,0,0.00,0.00,0.00,0.00,0.00,0.04,0.00,0.04,0.04,0.04,Premier-League
Altay Bayındır,Manchester Utd,GK,26,1998,4,4,360,4.0,0,0,0,0,0,0,0,0,0.0,0.0,0.0,0.0,0,0,0,0.00,0.00,0.00,0.00,0.00,0.00,0.00,0.00,0.00,0.00,Premier-League
Adam Wharton,Crystal Palace,MF,20,2004,20,16,1318,14.6,0,2,2,0,0,0,2,0,0.4,0.4,3.0,3.4,14,107,11,0.00,0.14,0.14,0.00,0.14,0.03,0.21,0.23,0.03,0.23,Premier-League
Dango Ouattara,Bournemouth,FW,22,2002,32,21,2005,22.3,7,4,11,7,0,0,3,0,8.4,8.4,5.5,13.8,79,43,191,0.31,0.18,0.49,0.31,0.49,0.38,0.25,0.62,0.38,0.62,Premier-League
Marcus Tavernier,Bournemouth,"FW,MF",25,1999,29,20,1939,21.5,3,5,8,3,0,0,6,0,5.5,5.5,4.0,9.5,53,128,129,0.14,0.23,0.37,0.14,0.37,0.25,0.19,0.44,0.25,0.44,Premier-League
Álex Moreno,Aston Villa,"DF,MF",31,1993,15,11,955,10.6,0,1,1,0,0,0,2,0,0.2,0.2,1.3,1.4,26,34,34,0.00,0.09,0.09,0.00,0.09,0.02,0.12,0.13,0.02,0.13,Premier-League
André,Wolves,MF,23,2001,33,31,2472,27.5,0,0,0,0,0,0,7,0,0.4,0.4,0.8,1.3,10,109,11,0.00,0.00,0.00,0.00,0.00,0.02,0.03,0.05,0.02,0.05,Premier-League
Jean-Ricner Bellegarde,Wolves,"MF,FW",26,1998,35,20,1677,18.6,2,7,9,2,0,0,3,0,1.5,1.5,3.8,5.3,52,43,89,0.11,0.38,0.48,0.11,0.48,0.08,0.20,0.29,0.08,0.29,Premier-League
Jacob Murphy,Newcastle Utd,FW,29,1995,35,31,2360,26.2,8,12,20,8,0,0,4,0,5.7,5.7,8.9,14.6,79,83,231,0.31,0.46,0.76,0.31,0.76,0.22,0.34,0.56,0.22,0.56,Premier-League
Mads Roerslev,Brentford,DF,25,1999,19,11,1101,12.2,0,2,2,0,0,0,2,0,0.2,0.2,3.0,3.2,17,51,54,0.00,0.16,0.16,0.00,0.16,0.02,0.24,0.26,0.02,0.26,Premier-League
Mikkel Damsgaard,Brentford,"MF,FW",24,2000,38,34,2911,32.3,2,10,12,2,0,0,2,0,2.8,2.8,8.4,11.2,73,234,137,0.06,0.31,0.37,0.06,0.37,0.09,0.26,0.35,0.09,0.35,Premier-League
Rico Henry,Brentford,DF,27,1997,5,0,99,1.1,0,0,0,0,0,0,0,0,0.0,0.0,0.0,0.0,0,4,5,0.00,0.00,0.00,0.00,0.00,0.00,0.00,0.00,0.00,0.00,Premier-League
Bart Verbruggen,Brighton,GK,21,2002,36,36,3240,36.0,0,1,1,0,0,0,5,0,0.0,0.0,0.0,0.0,0,2,0,0.00,0.03,0.03,0.00,0.03,0.00,0.00,0.00,0.00,0.00,Premier-League
Jake O'Brien,Everton,DF,23,2001,20,17,1571,17.5,2,0,2,2,0,0,5,0,0.8,0.8,0.6,1.3,7,50,25,0.11,0.00,0.11,0.11,0.11,0.04,0.03,0.08,0.04,0.08,Premier-League
Matz Sels,Nott'ham Forest,GK,32,1992,38,38,3420,38.0,0,0,0,0,0,0,4,0,0.0,0.0,0.4,0.4,1,2,0,0.00,0.00,0.00,0.00,0.00,0.00,0.01,0.01,0.00,0.01,Premier-League
Morato,Nott'ham Forest,DF,23,2001,26,6,907,10.1,0,0,0,0,0,0,5,0,0.2,0.2,0.0,0.2,1,19,1,0.00,0.00,0.00,0.00,0.00,0.02,0.00,0.02,0.02,0.02,Premier-League
Nicolás Domínguez,Nott'ham Forest,"MF,FW",26,1998,34,23,1963,21.8,0,1,1,0,0,0,9,0,1.5,1.5,1.3,2.8,16,83,33,0.00,0.05,0.05,0.00,0.05,0.07,0.06,0.13,0.07,0.13,Premier-League
Harry Wilson,Fulham,"FW,MF",27,1997,25,12,1162,12.9,6,1,7,6,0,0,2,0,4.2,4.2,1.1,5.3,22,51,96,0.46,0.08,0.54,0.46,0.54,0.33,0.09,0.41,0.33,0.41,Premier-League
Chadi Riad,Crystal Palace,DF,21,2003,1,1,90,1.0,0,0,0,0,0,0,0,0,0.0,0.0,0.0,0.0,2,7,0,0.00,0.00,0.00,0.00,0.00,0.00,0.00,0.00,0.00,0.00,Premier-League
Crysencio Summerville,West Ham,"FW,MF",22,2001,19,7,786,8.7,1,1,2,1,0,0,2,0,1.6,1.6,1.7,3.3,29,18,71,0.11,0.11,0.23,0.11,0.23,0.19,0.19,0.38,0.19,0.38,Premier-League
Jarell Quansah,Liverpool,DF,21,2003,13,4,495,5.5,0,0,0,0,0,0,2,0,0.1,0.1,0.1,0.2,3,19,4,0.00,0.00,0.00,0.00,0.00,0.02,0.02,0.04,0.02,0.04,Premier-League
Santiago Bueno,Wolves,DF,25,1998,29,18,1687,18.7,0,0,0,0,0,0,2,0,0.4,0.4,0.0,0.4,1,28,1,0.00,0.00,0.00,0.00,0.00,0.02,0.00,0.02,0.02,0.02,Premier-League
Ethan Pinnock,Brentford,DF,31,1993,22,21,1913,21.3,2,0,2,2,0,0,2,0,1.1,1.1,1.2,2.3,3,41,9,0.09,0.00,0.09,0.09,0.09,0.05,0.05,0.11,0.05,0.11,Premier-League
Nathan Collins,Brentford,DF,23,2001,38,38,3420,38.0,2,3,5,2,0,0,5,0,2.5,2.5,1.8,4.3,32,127,18,0.05,0.08,0.13,0.05,0.13,0.07,0.05,0.11,0.07,0.11,Premier-League
Vitaly Janelt,Brentford,MF,26,1998,32,27,2254,25.0,1,3,4,1,0,0,3,0,0.8,0.8,2.2,3.0,17,80,38,0.04,0.12,0.16,0.04,0.16,0.03,0.09,0.12,0.03,0.12,Premier-League
James Garner,Everton,"MF,DF",23,2001,21,17,1594,17.7,0,1,1,0,0,0,5,0,0.7,0.7,1.4,2.1,15,50,30,0.00,0.06,0.06,0.00,0.06,0.04,0.08,0.12,0.04,0.12,Premier-League
Youssef Chermiti,Everton,"FW,MF",20,2004,4,0,45,0.5,0,0,0,0,0,0,1,0,0.1,0.1,0.0,0.1,0,1,6,0.00,0.00,0.00,0.00,0.00,0.22,0.00,0.22,0.22,0.22,Premier-League
Danilo,Nott'ham Forest,"MF,FW",23,2001,8,5,275,3.1,0,0,0,0,0,0,0,0,0.0,0.0,0.0,0.0,2,11,1,0.00,0.00,0.00,0.00,0.00,0.00,0.00,0.00,0.00,0.00,Premier-League
Ramón Sosa,Nott'ham Forest,"FW,MF",24,1999,19,1,295,3.3,1,0,1,1,0,0,1,0,1.0,1.0,0.5,1.5,12,6,17,0.31,0.00,0.31,0.31,0.31,0.31,0.15,0.45,0.31,0.45,Premier-League
Tom Cairney,Fulham,MF,33,1991,25,3,628,7.0,2,0,2,2,0,0,3,1,0.8,0.8,1.1,1.8,18,53,33,0.29,0.00,0.29,0.29,0.29,0.11,0.15,0.26,0.11,0.26,Premier-League
Nathan Patterson,Everton,DF,22,2001,10,3,347,3.9,0,1,1,0,0,0,1,0,0.1,0.1,0.4,0.5,6,13,18,0.00,0.26,0.26,0.00,0.26,0.02,0.11,0.13,0.02,0.13,Premier-League
Kobbie Mainoo,Manchester Utd,MF,19,2005,25,19,1651,18.3,0,0,0,0,0,0,5,0,0.7,0.7,1.6,2.3,22,65,47,0.00,0.00,0.00,0.00,0.00,0.04,0.09,0.12,0.04,0.12,Premier-League
Wilson Odobert,Tottenham,"FW,MF",19,2004,16,9,850,9.4,1,0,1,1,0,0,0,0,1.6,1.6,1.0,2.6,45,27,66,0.11,0.00,0.11,0.11,0.11,0.17,0.10,0.27,0.17,0.27,Premier-League
Julian Araujo,Bournemouth,DF,22,2001,12,7,497,5.5,0,0,0,0,0,0,2,0,0.0,0.0,0.1,0.1,4,14,22,0.00,0.00,0.00,0.00,0.00,0.00,0.01,0.01,0.00,0.01,Premier-League
Jean-Clair Todibo,West Ham,DF,24,1999,27,20,1825,20.3,0,0,0,0,0,0,3,0,0.4,0.4,0.0,0.4,9,38,5,0.00,0.00,0.00,0.00,0.00,0.02,0.00,0.02,0.02,0.02,Premier-League
Luis Guilherme,West Ham,"MF,FW",18,2006,12,1,150,1.7,0,0,0,0,0,0,0,0,0.4,0.4,0.1,0.5,4,5,16,0.00,0.00,0.00,0.00,0.00,0.25,0.05,0.30,0.25,0.30,Premier-League
Rodrigo Gomes,Wolves,"DF,FW",21,2003,25,7,810,9.0,2,0,2,2,0,0,0,0,0.7,0.7,0.9,1.6,23,27,81,0.22,0.00,0.22,0.22,0.22,0.08,0.10,0.18,0.08,0.18,Premier-League
Toti Gomes,Wolves,DF,25,1999,31,30,2614,29.0,0,1,1,0,0,0,7,0,0.7,0.7,0.9,1.7,27,86,18,0.00,0.03,0.03,0.00,0.03,0.03,0.03,0.06,0.03,0.06,Premier-League
Rico Lewis,Manchester City,"DF,MF",19,2004,28,21,1893,21.0,1,2,3,1,0,0,5,1,1.4,1.4,0.3,1.7,39,107,78,0.05,0.10,0.14,0.05,0.14,0.07,0.02,0.08,0.07,0.08,Premier-League
Gustavo Nunes,Brentford,"FW,MF",18,2005,3,0,12,0.1,0,0,0,0,0,0,0,0,0.0,0.0,0.0,0.0,1,0,0,0.00,0.00,0.00,0.00,0.00,0.00,0.00,0.00,0.00,0.00,Premier-League
Yoane Wissa,Brentford,FW,27,1996,35,34,2919,32.4,19,4,23,19,0,0,5,0,18.5,18.5,2.6,21.1,60,67,154,0.59,0.12,0.71,0.59,0.71,0.57,0.08,0.65,0.57,0.65,Premier-League
Renato Veiga,Chelsea,"DF,MF",21,2003,7,1,181,2.0,0,0,0,0,0,0,2,0,0.1,0.1,0.0,0.1,4,7,3,0.00,0.00,0.00,0.00,0.00,0.07,0.00,0.07,0.07,0.07,Premier-League
Diego Gómez,Brighton,MF,21,2003,16,4,516,5.7,1,0,1,1,0,0,0,0,0.9,0.9,0.7,1.6,8,27,23,0.17,0.00,0.17,0.17,0.17,0.15,0.13,0.28,0.15,0.28,Premier-League
Facundo Buonanotte,Brighton,"FW,MF",19,2004,31,14,1523,16.9,5,2,7,5,0,0,8,0,3.9,3.9,3.1,7.0,39,54,74,0.30,0.12,0.41,0.30,0.41,0.23,0.18,0.41,0.23,0.41,Premier-League
Dwight McNeil,Everton,"MF,FW",24,1999,21,15,1371,15.2,4,6,10,4,0,0,1,0,1.1,1.1,5.2,6.3,38,69,80,0.26,0.39,0.66,0.26,0.66,0.07,0.34,0.41,0.07,0.41,Premier-League
Jota Silva,Nott'ham Forest,"FW,MF",24,1999,31,5,854,9.5,3,1,4,3,0,0,5,0,2.1,2.1,2.9,5.0,21,18,59,0.32,0.11,0.42,0.32,0.42,0.22,0.30,0.53,0.22,0.53,Premier-League
Jorge Cuenca,Fulham,DF,24,1999,8,4,351,3.9,0,0,0,0,0,0,0,0,0.0,0.0,0.0,0.0,0,10,0,0.00,0.00,0.00,0.00,0.00,0.01,0.00,0.01,0.01,0.01,Premier-League
Antonín Kinský,Tottenham,GK,21,2003,6,6,540,6.0,0,0,0,0,0,0,0,0,0.0,0.0,0.1,0.1,1,1,0,0.00,0.00,0.00,0.00,0.00,0.00,0.01,0.01,0.00,0.01,Premier-League
Daniel Bentley,Wolves,GK,31,1993,2,2,180,2.0,0,0,0,0,0,0,0,0,0.0,0.0,0.0,0.0,0,0,0,0.00,0.00,0.00,0.00,0.00,0.00,0.00,0.00,0.00,0.00,Premier-League
Yerson Mosquera,Wolves,DF,23,2001,5,5,441,4.9,0,0,0,0,0,0,2,0,0.3,0.3,0.1,0.4,0,7,0,0.00,0.00,0.00,0.00,0.00,0.07,0.02,0.09,0.07,0.09,Premier-League
William Osula,Newcastle Utd,FW,20,2003,14,0,134,1.5,1,0,1,1,0,0,0,0,0.2,0.2,0.1,0.3,5,4,17,0.67,0.00,0.67,0.67,0.67,0.11,0.10,0.21,0.11,0.21,Premier-League
Abdukodir Khusanov,Manchester City,DF,20,2004,6,6,503,5.6,0,0,0,0,0,0,1,0,0.0,0.0,0.1,0.1,1,25,2,0.00,0.00,0.00,0.00,0.00,0.00,0.02,0.02,0.00,0.02,Premier-League
Sepp van den Berg,Brentford,DF,22,2001,31,29,2586,28.7,0,0,0,0,0,0,3,0,2.0,2.0,0.8,2.8,12,79,28,0.00,0.00,0.00,0.00,0.00,0.07,0.03,0.10,0.07,0.10,Premier-League
Jason Steele,Brighton,GK,33,1990,2,2,180,2.0,0,0,0,0,0,0,0,0,0.0,0.0,0.0,0.0,0,0,0,0.00,0.00,0.00,0.00,0.00,0.00,0.00,0.00,0.00,0.00,Premier-League
Jeremy Sarmiento,Brighton,MF,22,2002,1,0,9,0.1,0,0,0,0,0,0,0,0,0.0,0.0,0.0,0.0,0,0,2,0.00,0.00,0.00,0.00,0.00,0.00,0.00,0.00,0.00,0.00,Premier-League
Carlos Alcaraz,Everton,MF,21,2002,1,0,10,0.1,0,0,0,0,0,0,0,0,0.1,0.1,0.1,0.2,4,6,1,0.00,0.00,0.00,0.00,0.00,0.62,0.86,1.48,0.62,1.48,Premier-League
Carlos Alcaraz,Everton,"FW,MF",21,2002,15,7,764,8.5,2,3,5,2,0,0,4,0,1.7,1.7,1.6,3.4,19,42,21,0.24,0.35,0.59,0.24,0.59,0.20,0.19,0.40,0.20,0.40,Premier-League
Tim Iroegbunam,Everton,MF,21,2003,18,5,574,6.4,0,1,1,0,0,0,4,0,0.2,0.2,0.2,0.4,8,15,9,0.00,0.16,0.16,0.00,0.16,0.04,0.03,0.07,0.04,0.07,Premier-League
Brandon Austin,Tottenham,GK,25,1999,1,1,90,1.0,0,0,0,0,0,0,0,0,0.0,0.0,0.0,0.0,0,0,0,0.00,0.00,0.00,0.00,0.00,0.00,0.00,0.00,0.00,0.00,Premier-League
Romain Esse,Crystal Palace,MF,19,2005,7,1,138,1.5,1,1,2,1,0,0,0,0,0.3,0.3,0.4,0.7,1,7,14,0.65,0.65,1.30,0.65,1.30,0.21,0.27,0.48,0.21,0.48,Premier-League
Enes Ünal,Bournemouth,"FW,MF",27,1997,17,2,345,3.8,2,1,3,2,0,0,2,0,2.7,2.7,0.4,3.1,4,12,22,0.52,0.26,0.78,0.52,0.78,0.72,0.10,0.82,0.72,0.82,Premier-League
Julio Soler,Bournemouth,"DF,FW",19,2005,3,0,11,0.1,0,0,0,0,0,0,0,0,0.0,0.0,0.0,0.0,0,0,2,0.00,0.00,0.00,0.00,0.00,0.00,0.00,0.00,0.00,0.00,Premier-League
Curtis Jones,Liverpool,"MF,DF",23,2001,33,19,1712,19.0,3,3,6,3,0,0,3,1,4.3,4.3,1.1,5.4,30,117,79,0.16,0.16,0.32,0.16,0.32,0.23,0.06,0.29,0.23,0.29,Premier-League
Andrés García,Aston Villa,"DF,MF",21,2003,7,5,318,3.5,0,0,0,0,0,0,0,0,0.0,0.0,0.2,0.2,26,15,28,0.00,0.00,0.00,0.00,0.00,0.01,0.05,0.06,0.01,0.06,Premier-League
Jørgen Strand Larsen,Wolves,FW,24,2000,35,30,2587,28.7,14,4,18,14,0,0,4,0,10.3,10.3,3.0,13.3,17,29,112,0.49,0.14,0.63,0.49,0.63,0.36,0.10,0.46,0.36,0.46,Premier-League
Nasser Djiga,Wolves,DF,21,2002,5,1,66,0.7,0,0,0,0,0,0,0,0,0.0,0.0,0.0,0.0,0,3,2,0.00,0.00,0.00,0.00,0.00,0.00,0.00,0.00,0.00,0.00,Premier-League
Pedro Lima,Wolves,DF,18,2006,3,1,70,0.8,0,0,0,0,0,0,0,0,0.1,0.1,0.1,0.1,4,4,11,0.00,0.00,0.00,0.00,0.00,0.07,0.09,0.16,0.07,0.16,Premier-League
Claudio Echeverri,Manchester City,FW,18,2006,1,0,6,0.1,0,0,0,0,0,0,0,0,0.0,0.0,0.0,0.0,0,1,1,0.00,0.00,0.00,0.00,0.00,0.00,0.00,0.00,0.00,0.00,Premier-League
Jayden Meghoma,Brentford,DF,18,2006,1,0,5,0.1,0,0,0,0,0,0,0,0,0.0,0.0,0.0,0.0,0,0,0,0.00,0.00,0.00,0.00,0.00,0.00,0.00,0.00,0.00,0.00,Premier-League
Yunus Emre Konak,Brentford,"FW,MF",18,2006,10,0,42,0.5,0,0,0,0,0,0,0,0,0.2,0.2,0.0,0.2,1,2,2,0.00,0.00,0.00,0.00,0.00,0.33,0.00,0.33,0.33,0.33,Premier-League
Eiran Cashin,Brighton,DF,22,2001,2,0,20,0.2,0,0,0,0,0,0,0,0,0.0,0.0,0.0,0.0,0,6,1,0.00,0.00,0.00,0.00,0.00,0.00,0.00,0.00,0.00,0.00,Premier-League
Julio Enciso,Brighton,"MF,FW",20,2004,13,12,869,9.7,2,3,5,2,0,0,3,0,1.7,1.7,1.4,3.1,23,28,44,0.21,0.31,0.52,0.21,0.52,0.18,0.14,0.32,0.18,0.32,Premier-League
Julio Enciso,Brighton,"MF,FW",20,2004,12,2,294,3.3,0,0,0,0,0,0,0,0,1.0,1.0,0.2,1.2,11,14,17,0.00,0.00,0.00,0.00,0.00,0.31,0.07,0.38,0.31,0.38,Premier-League
Carlos Baleba,Brighton,MF,20,2004,34,31,2661,29.6,3,1,4,3,0,0,8,1,3.1,3.1,1.3,4.4,43,118,29,0.10,0.03,0.14,0.10,0.14,0.10,0.05,0.15,0.10,0.15,Premier-League
Simon Adingra,Brighton,"FW,MF",22,2002,29,12,1097,12.2,2,2,4,2,0,0,0,0,2.5,2.5,2.5,4.9,50,18,136,0.16,0.16,0.33,0.16,0.33,0.20,0.20,0.40,0.20,0.40,Premier-League
Chiquinho,Wolves,MF,24,2000,1,0,7,0.1,0,0,0,0,0,0,0,0,0.0,0.0,0.0,0.0,0,0,0,0.00,0.00,0.00,0.00,0.00,0.00,0.42,0.42,0.00,0.42,Premier-League
Tom King,Wolves,GK,29,1995,1,0,1,0.0,0,0,0,0,0,0,0,0,0.0,0.0,0.0,0.0,0,0,0,0.00,0.00,0.00,0.00,0.00,0.00,0.00,0.00,0.00,0.00,Premier-League
Tommy Doyle,Wolves,MF,22,2001,24,3,488,5.4,0,1,1,0,0,0,1,0,0.6,0.6,0.5,1.1,6,40,4,0.00,0.18,0.18,0.00,0.18,0.10,0.09,0.20,0.10,0.20,Premier-League
Hákon Rafn Valdimarsson,Brentford,GK,22,2001,2,1,145,1.6,0,0,0,0,0,0,0,0,0.0,0.0,0.0,0.0,0,0,0,0.00,0.00,0.00,0.00,0.00,0.00,0.00,0.00,0.00,0.00,Premier-League
Kevin Schade,Brentford,FW,22,2001,38,26,2293,25.5,11,2,13,11,0,0,3,0,8.2,8.2,3.7,11.9,61,38,165,0.43,0.08,0.51,0.43,0.51,0.32,0.14,0.47,0.32,0.47,Premier-League
Jack Hinshelwood,Brighton,"MF,DF",19,2005,26,22,1842,20.5,5,2,7,5,0,0,5,0,2.7,2.7,1.5,4.2,19,68,54,0.24,0.10,0.34,0.24,0.34,0.13,0.07,0.21,0.13,0.21,Premier-League
Lamare Bogarde,Aston Villa,"DF,MF",20,2004,8,5,476,5.3,0,0,0,0,0,0,2,0,0.0,0.0,0.1,0.2,12,14,9,0.00,0.00,0.00,0.00,0.00,0.01,0.02,0.03,0.01,0.03,Premier-League
Yasin Ayari,Brighton,MF,20,2003,34,22,1965,21.8,2,1,3,2,0,0,3,0,2.4,2.4,2.3,4.8,30,75,61,0.09,0.05,0.14,0.09,0.14,0.11,0.11,0.22,0.11,0.22,Premier-League
Eric da Silva Moreira,Nott'ham Forest,"MF,DF",18,2006,2,0,30,0.3,0,0,0,0,0,0,0,0,0.0,0.0,0.0,0.0,1,0,1,0.00,0.00,0.00,0.00,0.00,0.00,0.00,0.00,0.00,0.00,Premier-League
Dane Scarlett,Tottenham,"FW,MF",20,2004,3,0,34,0.4,0,1,1,0,0,0,0,0,0.0,0.0,0.0,0.1,1,1,1,0.00,2.65,2.65,0.00,2.65,0.09,0.12,0.22,0.09,0.22,Premier-League
Tyrique George,Chelsea,FW,18,2006,8,1,183,2.0,1,1,2,1,0,0,1,0,0.2,0.2,0.7,0.9,9,3,22,0.49,0.49,0.98,0.49,0.98,0.10,0.36,0.46,0.10,0.46,Premier-League
Rodrigo Muniz,Fulham,FW,23,2001,31,8,964,10.7,8,1,9,8,0,0,1,0,5.8,5.8,0.7,6.5,6,27,31,0.75,0.09,0.84,0.75,0.84,0.54,0.07,0.61,0.54,0.61,Premier-League
Lewis Hall,Newcastle Utd,DF,19,2004,27,24,2189,24.3,0,4,4,0,0,0,3,0,0.4,0.4,4.3,4.7,41,123,80,0.00,0.16,0.16,0.00,0.16,0.02,0.18,0.19,0.02,0.19,Premier-League
Ethan Nwaneri,Arsenal,"FW,MF",17,2007,26,11,895,9.9,4,2,6,4,0,0,1,0,1.2,1.2,1.2,2.4,46,33,113,0.40,0.20,0.60,0.40,0.60,0.12,0.12,0.24,0.12,0.24,Premier-League
Harry Amass,Manchester Utd,DF,17,2007,5,4,346,3.8,0,0,0,0,0,0,0,0,0.1,0.1,0.0,0.1,9,7,23,0.00,0.00,0.00,0.00,0.00,0.02,0.01,0.02,0.02,0.02,Premier-League
Tyler Fredricson,Manchester Utd,DF,19,2005,2,2,165,1.8,0,0,0,0,0,0,0,0,0.0,0.0,0.0,0.0,2,8,0,0.00,0.00,0.00,0.00,0.00,0.00,0.00,0.00,0.00,0.00,Premier-League
Mikey Moore,Tottenham,FW,16,2007,10,3,366,4.1,0,1,1,0,0,0,0,0,0.2,0.2,0.3,0.5,12,9,40,0.00,0.25,0.25,0.00,0.25,0.05,0.08,0.13,0.05,0.13,Premier-League
Caleb Kporha,Crystal Palace,DF,18,2006,2,0,13,0.1,0,0,0,0,0,0,0,0,0.0,0.0,0.0,0.0,1,0,0,0.00,0.00,0.00,0.00,0.00,0.00,0.00,0.00,0.00,0.00,Premier-League
James Hill,Bournemouth,DF,22,2002,10,6,448,5.0,0,1,1,0,0,0,1,0,0.3,0.3,0.3,0.6,3,16,8,0.00,0.20,0.20,0.00,0.20,0.06,0.05,0.11,0.06,0.11,Premier-League
Andy Irving,West Ham,MF,24,2000,10,1,166,1.8,0,0,0,0,0,0,2,0,0.1,0.1,0.2,0.4,0,9,4,0.00,0.00,0.00,0.00,0.00,0.06,0.13,0.19,0.06,0.19,Premier-League
Lewis Miley,Newcastle Utd,MF,18,2006,14,1,313,3.5,1,0,1,1,0,0,0,0,0.5,0.5,0.0,0.6,2,17,8,0.29,0.00,0.29,0.29,0.29,0.16,0.01,0.16,0.16,0.16,Premier-League
Ryan Trevitt,Brentford,MF,21,2003,1,0,4,0.0,0,0,0,0,0,0,0,0,0.0,0.0,0.0,0.0,0,0,1,0.00,0.00,0.00,0.00,0.00,0.00,0.00,0.00,0.00,0.00,Premier-League
Ayden Heaven,Manchester Utd,DF,17,2006,4,2,170,1.9,0,0,0,0,0,0,1,0,0.1,0.1,0.0,0.2,1,7,1,0.00,0.00,0.00,0.00,0.00,0.07,0.01,0.08,0.07,0.08,Premier-League
Toby Collyer,Manchester Utd,MF,20,2004,6,0,179,2.0,0,0,0,0,0,0,0,0,0.2,0.2,0.3,0.4,0,5,2,0.00,0.00,0.00,0.00,0.00,0.09,0.13,0.22,0.09,0.22,Premier-League
Justin Devenny,Crystal Palace,MF,20,2003,23,4,507,5.6,1,1,2,1,0,0,1,0,0.8,0.8,0.6,1.4,5,21,13,0.18,0.18,0.36,0.18,0.36,0.14,0.11,0.25,0.14,0.25,Premier-League
Martial Godo,Fulham,"FW,DF",21,2003,2,0,24,0.3,0,0,0,0,0,0,0,0,0.0,0.0,0.1,0.1,2,3,6,0.00,0.00,0.00,0.00,0.00,0.00,0.21,0.21,0.00,0.21,Premier-League
Kaelan Casey,West Ham,DF,19,2004,1,0,1,0.0,0,0,0,0,0,0,0,0,0.0,0.0,0.0,0.0,0,0,0,0.00,0.00,0.00,0.00,0.00,0.00,0.00,0.00,0.00,0.00,Premier-League
Harrison Armstrong,Everton,MF,17,2007,3,0,48,0.5,0,0,0,0,0,0,1,0,0.4,0.4,0.1,0.4,1,1,0,0.00,0.00,0.00,0.00,0.00,0.69,0.14,0.82,0.69,0.82,Premier-League
Florian Wirtz,Liverpool,"MF,FW",21,2003,31,25,2351,26.1,10,12,22,8,2,4,3,0,9.4,6.1,7.0,13.1,131,176,309,0.38,0.46,0.84,0.31,0.77,0.36,0.27,0.63,0.23,0.50,Bundesliga
Jeremie Frimpong,Liverpool,"DF,MF",23,2000,33,25,2314,25.7,5,5,10,5,0,0,4,0,4.1,4.1,4.2,8.3,100,55,272,0.19,0.19,0.39,0.19,0.39,0.16,0.16,0.32,0.16,0.32,Bundesliga
Carney Chukwuemeka,Chelsea,MF,20,2003,10,1,253,2.8,1,0,1,1,0,0,1,0,0.6,0.6,0.9,1.5,15,18,24,0.36,0.00,0.36,0.36,0.36,0.21,0.32,0.54,0.21,0.54,Bundesliga
Issa Kaboré,Manchester City,"DF,FW",23,2001,9,3,308,3.4,0,0,0,0,0,0,0,0,0.7,0.7,0.8,1.5,15,8,35,0.00,0.00,0.00,0.00,0.00,0.20,0.25,0.45,0.20,0.45,Bundesliga
Daniel James,Leeds United,FW,26,1997,36,30,2609,29.0,12,9,21,12,0,0,4,0,10.3,10.3,8.7,19.0,117,100,301,0.41,0.31,0.72,0.41,0.72,0.36,0.30,0.66,0.36,0.66,Championship
Patrick Bamford,Leeds United,FW,30,1993,17,0,252,2.8,0,0,0,0,0,0,0,0,2.2,2.2,0.2,2.3,3,7,18,0.00,0.00,0.00,0.00,0.00,0.79,0.06,0.84,0.79,0.84,Championship
Manor Solomon,Tottenham,FW,25,1999,39,30,2589,28.8,10,12,22,10,0,0,3,0,8.1,8.1,12.0,20.1,144,111,320,0.35,0.42,0.76,0.35,0.76,0.28,0.42,0.70,0.28,0.70,Championship
Pascal Struijk,Leeds United,DF,24,1999,35,31,2824,31.4,5,0,5,3,2,3,3,0,5.9,3.5,0.5,4.0,37,193,11,0.16,0.00,0.16,0.10,0.10,0.19,0.02,0.20,0.11,0.13,Championship
Lewis O'Brien,Nott'ham Forest,MF,25,1998,16,16,1419,15.8,1,0,1,1,0,0,2,0,1.3,1.3,1.1,2.3,29,58,45,0.06,0.00,0.06,0.06,0.06,0.08,0.07,0.15,0.08,0.15,Championship
Rob Holding,Crystal Palace,DF,28,1995,10,4,420,4.7,0,1,1,0,0,0,1,0,0.3,0.3,0.7,1.0,0,20,1,0.00,0.21,0.21,0.00,0.21,0.06,0.16,0.21,0.06,0.21,Championship
Brenden Aaronson,Leeds United,MF,23,2000,46,43,"3,551",39.5,9,2,11,9,0,0,1,0,11.3,11.3,5.7,17.0,84,160,243,0.23,0.05,0.28,0.23,0.28,0.29,0.14,0.43,0.29,0.43,Championship
Samuel Iling-Junior,Aston Villa,"DF,FW",20,2003,16,11,1057,11.7,1,2,3,1,0,0,2,0,0.5,0.5,2.3,2.8,47,47,76,0.09,0.17,0.26,0.09,0.26,0.04,0.20,0.24,0.04,0.24,Championship
Ethan Ampadu,Leeds United,"DF,MF",23,2000,29,26,2285,25.4,0,0,0,0,0,0,7,0,0.6,0.6,1.5,2.0,26,106,9,0.00,0.00,0.00,0.00,0.00,0.02,0.06,0.08,0.02,0.08,Championship
Joe Rodon,Leeds United,DF,26,1997,46,46,4135,45.9,1,0,1,1,0,0,5,0,1.2,1.2,1.1,2.4,56,291,5,0.02,0.00,0.02,0.02,0.02,0.03,0.02,0.05,0.03,0.05,Championship
Josh Cullen,Burnley,MF,28,1996,44,43,3801,42.2,2,3,5,2,0,0,11,0,1.7,1.7,2.6,4.3,23,218,53,0.05,0.07,0.12,0.05,0.12,0.04,0.06,0.10,0.04,0.10,Championship
Emmanuel Dennis,Nott'ham Forest,"FW,MF",26,1997,6,1,160,1.8,0,1,1,0,0,0,3,1,0.1,0.1,0.5,0.6,8,11,16,0.00,0.56,0.56,0.00,0.56,0.07,0.30,0.37,0.07,0.37,Championship
Chris Mepham,Bournemouth,DF,26,1997,38,37,3273,36.4,1,0,1,1,0,0,10,1,1.7,1.7,0.6,2.3,41,145,5,0.03,0.00,0.03,0.03,0.03,0.05,0.02,0.06,0.05,0.06,Championship
Maximilian Wöber,Leeds United,DF,26,1998,8,2,335,3.7,1,0,1,1,0,0,1,0,0.7,0.7,0.3,1.0,6,17,34,0.27,0.00,0.27,0.27,0.27,0.18,0.09,0.27,0.18,0.27,Championship
Bashir Humphreys,Burnley,DF,21,2003,25,20,1777,19.7,1,2,3,1,0,0,3,1,0.6,0.6,0.8,1.4,36,87,55,0.05,0.10,0.15,0.05,0.15,0.03,0.04,0.07,0.03,0.07,Championship
Jaidon Anthony,Burnley,"FW,MF",24,1999,43,42,3661,40.7,8,7,15,8,0,0,4,0,9.4,9.4,8.0,17.3,184,159,375,0.20,0.17,0.37,0.20,0.37,0.23,0.20,0.43,0.23,0.43,Championship
Joe Worrall,Burnley,DF,27,1997,9,3,285,3.2,0,1,1,0,0,0,1,0,0.3,0.3,0.2,0.5,0,15,1,0.00,0.32,0.32,0.00,0.32,0.09,0.08,0.16,0.09,0.16,Championship
Lyle Foster,Burnley,FW,23,2000,28,17,1590,17.7,2,5,7,2,0,0,4,0,4.4,4.4,2.7,7.1,41,37,103,0.11,0.28,0.40,0.11,0.40,0.25,0.15,0.40,0.25,0.40,Championship
Illan Meslier,Leeds United,GK,24,2000,39,39,3510,39.0,0,0,0,0,0,0,0,0,0.0,0.0,0.1,0.1,0,0,0,0.00,0.00,0.00,0.00,0.00,0.00,0.00,0.00,0.00,0.00,Championship
Jayden Bogle,Leeds United,DF,24,2000,44,44,3824,42.5,6,4,10,6,0,0,12,0,5.3,5.3,6.9,12.3,123,193,264,0.14,0.09,0.24,0.14,0.24,0.13,0.16,0.29,0.13,0.29,Championship
Karl Darlow,Leeds United,GK,33,1990,7,7,630,7.0,0,0,0,0,0,0,1,0,0.0,0.0,0.0,0.0,0,0,0,0.00,0.00,0.00,0.00,0.00,0.00,0.00,0.00,0.00,0.00,Championship
Sam Greenwood,Leeds United,"FW,MF",22,2002,38,29,2427,27.0,5,3,8,3,2,2,9,2,6.2,4.6,6.1,10.8,62,62,152,0.19,0.11,0.30,0.11,0.22,0.23,0.23,0.46,0.17,0.40,Championship
Wilfried Gnonto,Leeds United,FW,20,2003,43,26,2276,25.3,9,6,15,9,0,0,5,0,8.3,8.3,5.7,13.9,83,124,240,0.36,0.24,0.59,0.36,0.59,0.33,0.22,0.55,0.33,0.55,Championship
Connor Roberts,Burnley,DF,28,1995,41,40,3636,40.4,2,3,5,2,0,0,4,0,2.5,2.5,2.4,4.9,49,238,98,0.05,0.07,0.12,0.05,0.12,0.06,0.06,0.12,0.06,0.12,Championship
Marcus Edwards,Burnley,"FW,MF",25,1998,14,12,936,10.4,1,1,2,1,0,0,1,0,1.7,1.7,2.2,3.8,49,50,108,0.10,0.10,0.19,0.10,0.19,0.16,0.21,0.37,0.16,0.37,Championship
Zeki Amdouni,Burnley,MF,23,2000,2,0,35,0.4,1,0,1,1,0,0,0,0,0.0,0.0,0.0,0.0,1,2,1,2.57,0.00,2.57,2.57,2.57,0.09,0.00,0.09,0.09,0.09,Championship
Ao Tanaka,Leeds United,MF,25,1998,43,37,3314,36.8,5,2,7,5,0,0,8,0,3.6,3.6,2.6,6.2,38,259,43,0.14,0.05,0.19,0.14,0.19,0.10,0.07,0.17,0.10,0.17,Championship
Lewis Dobbin,Aston Villa,FW,21,2003,10,8,640,7.1,2,0,2,2,0,0,1,0,1.1,1.1,0.6,1.7,20,12,58,0.28,0.00,0.28,0.28,0.28,0.16,0.08,0.24,0.16,0.24,Championship
Lewis Dobbin,Aston Villa,"FW,MF",21,2003,17,1,340,3.8,0,0,0,0,0,0,0,0,0.3,0.3,0.0,0.3,12,10,25,0.00,0.00,0.00,0.00,0.00,0.08,0.01,0.08,0.08,0.08,Championship
Daniel Ballard,Sunderland,DF,24,1999,20,12,1127,12.5,2,1,3,2,0,0,3,0,1.4,1.4,0.3,1.7,8,51,5,0.16,0.08,0.24,0.16,0.24,0.11,0.03,0.13,0.11,0.13,Championship
Aaron Ramsey,Burnley,MF,33,1990,8,6,557,6.2,0,0,0,0,0,0,1,0,0.8,0.8,0.2,1.1,9,36,25,0.00,0.00,0.00,0.00,0.00,0.13,0.04,0.17,0.13,0.17,Championship
Aaron Ramsey,Burnley,MF,21,2003,1,0,7,0.1,0,0,0,0,0,0,0,0,0.0,0.0,0.0,0.0,0,0,1,0.00,0.00,0.00,0.00,0.00,0.00,0.00,0.00,0.00,0.00,Championship
Benson Manuel,Burnley,"MF,FW",27,1997,3,0,46,0.5,1,0,1,1,0,0,1,0,0.1,0.1,0.0,0.1,5,4,11,1.96,0.00,1.96,1.96,1.96,0.20,0.00,0.20,0.20,0.20,Championship
James Trafford,Burnley,GK,21,2002,45,45,4050,45.0,0,0,0,0,0,0,7,0,0.0,0.0,0.1,0.1,0,2,0,0.00,0.00,0.00,0.00,0.00,0.00,0.00,0.00,0.00,0.00,Championship
Isaac Hayden,Newcastle Utd,MF,29,1995,17,12,936,10.4,0,0,0,0,0,0,2,0,0.5,0.5,0.0,0.5,2,22,19,0.00,0.00,0.00,0.00,0.00,0.05,0.00,0.05,0.05,0.05,Championship
Ashley Phillips,Tottenham,DF,19,2005,35,35,3077,34.2,0,0,0,0,0,0,6,0,1.0,1.0,0.6,1.6,7,40,5,0.00,0.00,0.00,0.00,0.00,0.03,0.02,0.05,0.03,0.05,Championship
Joe Rothwell,Bournemouth,MF,29,1995,36,24,2249,25.0,0,4,4,0,0,0,2,0,0.6,0.6,4.6,5.3,41,166,30,0.00,0.16,0.16,0.00,0.16,0.03,0.18,0.21,0.03,0.21,Championship
Sam Byram,Leeds United,DF,30,1993,36,16,1409,15.7,1,1,2,1,0,0,4,0,0.8,0.8,1.0,1.9,25,75,100,0.06,0.06,0.13,0.06,0.13,0.05,0.07,0.12,0.05,0.12,Championship
Ashley Barnes,Burnley,"FW,MF",34,1989,8,1,173,1.9,0,0,0,0,0,0,1,0,0.3,0.3,0.0,0.3,0,8,6,0.00,0.00,0.00,0.00,0.00,0.16,0.00,0.16,0.16,0.16,Championship
Ashley Barnes,Burnley,"FW,MF",34,1989,13,1,134,1.5,1,1,2,1,0,0,1,0,0.9,0.9,0.3,1.2,1,3,5,0.67,0.67,1.34,0.67,1.34,0.61,0.23,0.84,0.61,0.84,Championship
Luca Koleosho,Burnley,"FW,MF",19,2004,28,20,1677,18.6,2,0,2,2,0,0,4,0,1.9,1.9,2.4,4.3,84,66,185,0.11,0.00,0.11,0.11,0.11,0.10,0.13,0.23,0.10,0.23,Championship
Josh Bowler,Nott'ham Forest,"FW,DF",25,1999,10,6,456,5.1,0,0,0,0,0,0,0,0,0.7,0.7,0.4,1.1,12,22,39,0.00,0.00,0.00,0.00,0.00,0.14,0.08,0.22,0.14,0.22,Championship
Josh Bowler,Nott'ham Forest,"MF,FW",25,1999,8,0,150,1.7,0,0,0,0,0,0,0,0,0.2,0.2,0.0,0.2,2,8,9,0.00,0.00,0.00,0.00,0.00,0.11,0.02,0.13,0.11,0.13,Championship
Largie Ramazani,Leeds United,FW,23,2001,29,7,797,8.9,6,2,8,6,0,0,2,0,4.7,4.7,1.4,6.1,41,38,81,0.68,0.23,0.90,0.68,0.90,0.53,0.16,0.69,0.53,0.69,Championship
Ilia Gruev,Leeds United,MF,24,2000,23,20,1699,18.9,0,2,2,0,0,0,3,0,1.3,1.3,2.4,3.8,17,102,22,0.00,0.11,0.11,0.00,0.11,0.07,0.13,0.20,0.07,0.20,Championship
Joe Gelhardt,Leeds United,"FW,MF",22,2002,2,0,10,0.1,0,0,0,0,0,0,0,0,0.0,0.0,0.0,0.0,0,0,1,0.00,0.00,0.00,0.00,0.00,0.00,0.00,0.00,0.00,0.00,Championship
Joe Gelhardt,Leeds United,"FW,MF",22,2002,20,19,1593,17.7,5,0,5,3,2,2,4,0,5.5,3.9,2.2,6.1,51,46,80,0.28,0.00,0.28,0.17,0.17,0.31,0.12,0.43,0.22,0.34,Championship
Joël Piroe,Leeds United,FW,24,1999,46,36,3080,34.2,19,7,26,18,1,1,2,0,16.9,16.2,4.5,20.6,30,89,166,0.56,0.20,0.76,0.53,0.73,0.49,0.13,0.63,0.47,0.60,Championship
Mateo Joseph,Leeds United,FW,20,2003,39,11,1285,14.3,3,3,6,3,0,0,0,0,5.1,5.1,1.9,7.0,20,24,66,0.21,0.21,0.42,0.21,0.42,0.36,0.13,0.49,0.36,0.49,Championship
Ben Doak,Liverpool,FW,18,2005,24,21,1778,19.8,3,7,10,3,0,0,7,0,4.4,4.4,4.6,9.0,134,56,250,0.15,0.35,0.51,0.15,0.51,0.22,0.23,0.45,0.22,0.45,Championship
Alan Browne,Sunderland,"MF,DF",29,1995,22,13,1212,13.5,1,0,1,1,0,0,1,0,1.4,1.4,0.4,1.8,16,29,52,0.07,0.00,0.07,0.07,0.07,0.11,0.03,0.13,0.11,0.13,Championship
Wilson Isidor,Sunderland,FW,23,2000,43,34,3112,34.6,12,2,14,12,0,2,9,0,15.2,13.7,3.8,17.4,35,23,128,0.35,0.06,0.40,0.35,0.40,0.44,0.11,0.55,0.39,0.50,Championship
Han-Noah Massengo,Burnley,MF,23,2001,8,1,97,1.1,0,1,1,0,0,0,1,0,0.2,0.2,0.1,0.3,0,2,2,0.00,0.93,0.93,0.00,0.93,0.22,0.08,0.30,0.22,0.30,Championship
Hannes Delcroix,Burnley,DF,25,1999,12,10,888,9.9,0,0,0,0,0,0,2,0,0.2,0.2,0.1,0.4,4,40,3,0.00,0.00,0.00,0.00,0.00,0.02,0.01,0.04,0.02,0.04,Championship
Josh Laurent,Burnley,MF,29,1995,3,3,270,3.0,0,0,0,0,0,0,3,0,0.0,0.0,0.8,0.8,4,16,4,0.00,0.00,0.00,0.00,0.00,0.00,0.26,0.26,0.00,0.26,Championship
Josh Laurent,Burnley,MF,29,1995,42,25,2451,27.2,2,2,4,2,0,0,4,0,3.1,3.1,3.2,6.3,38,109,89,0.07,0.07,0.15,0.07,0.15,0.12,0.12,0.23,0.12,0.23,Championship
Maxime Estève,Burnley,DF,22,2002,46,46,4055,45.1,1,0,1,1,0,0,3,0,0.9,0.9,0.1,1.0,19,140,2,0.02,0.00,0.02,0.02,0.02,0.02,0.00,0.02,0.02,0.02,Championship
Michael Obafemi,Burnley,"FW,MF",24,2000,29,14,1196,13.3,2,0,2,2,0,0,0,0,2.0,2.0,1.1,3.0,14,13,67,0.15,0.00,0.15,0.15,0.15,0.15,0.08,0.23,0.15,0.23,Championship
Zian Flemming,Burnley,FW,25,1998,35,28,2424,26.9,12,4,16,12,0,0,3,0,9.1,9.1,3.6,12.7,19,38,90,0.45,0.15,0.59,0.45,0.59,0.34,0.13,0.47,0.34,0.47,Championship
Andrew Moran,Brighton,"MF,FW",20,2003,35,26,2357,26.2,4,3,7,4,0,0,9,0,2.3,2.3,3.3,5.7,49,110,89,0.15,0.11,0.27,0.15,0.27,0.09,0.13,0.22,0.09,0.22,Championship
Patrick Roberts,Sunderland,"FW,MF",27,1997,45,38,3280,36.4,2,7,9,1,1,2,8,0,5.7,4.2,5.3,9.4,125,178,272,0.05,0.19,0.25,0.03,0.22,0.16,0.14,0.30,0.11,0.26,Championship
Caleb Wiley,Chelsea,"DF,MF",19,2004,10,8,722,8.0,0,1,1,0,0,0,0,0,0.1,0.1,0.5,0.7,20,25,40,0.00,0.12,0.12,0.00,0.12,0.02,0.07,0.08,0.02,0.08,Championship
Malcolm Ebiowei,Crystal Palace,MF,20,2003,4,0,68,0.8,0,0,0,0,0,0,1,0,0.3,0.3,0.1,0.4,4,5,7,0.00,0.00,0.00,0.00,0.00,0.36,0.18,0.54,0.36,0.54,Championship
Isaac Schmidt,Leeds United,"FW,DF",24,1999,12,0,78,0.9,0,0,0,0,0,0,0,0,0.2,0.2,0.3,0.5,4,6,14,0.00,0.00,0.00,0.00,0.00,0.20,0.37,0.58,0.20,0.58,Championship
Anthony Patterson,Sunderland,GK,24,2000,42,42,3780,42.0,0,0,0,0,0,0,3,0,0.0,0.0,0.0,0.0,0,0,0,0.00,0.00,0.00,0.00,0.00,0.00,0.00,0.00,0.00,0.00,Championship
Dennis Cirkin,Sunderland,DF,22,2002,36,30,2740,30.4,3,2,5,3,0,0,6,0,2.0,2.0,2.1,4.0,73,127,135,0.10,0.07,0.16,0.10,0.16,0.07,0.07,0.13,0.07,0.13,Championship
Václav Hladký,Burnley,GK,33,1990,1,1,90,1.0,0,0,0,0,0,0,0,0,0.0,0.0,0.0,0.0,0,0,0,0.00,0.00,0.00,0.00,0.00,0.00,0.00,0.00,0.00,0.00,Championship
Harrison Ashby,Newcastle Utd,"DF,FW",22,2001,29,17,1583,17.6,0,1,1,0,0,0,6,0,1.4,1.4,1.1,2.5,19,38,45,0.00,0.06,0.06,0.00,0.06,0.08,0.06,0.14,0.08,0.14,Championship
Alfie Gilchrist,Chelsea,DF,20,2003,30,27,2103,23.4,0,2,2,0,0,0,5,0,0.4,0.4,1.4,1.7,32,120,57,0.00,0.09,0.09,0.00,0.09,0.02,0.06,0.07,0.02,0.07,Championship
Ian Poveda,Sunderland,"FW,MF",24,2000,6,0,86,1.0,0,0,0,0,0,0,2,0,0.1,0.1,0.2,0.2,5,4,15,0.00,0.00,0.00,0.00,0.00,0.06,0.17,0.23,0.06,0.23,Championship
Andreas Hountondji,Burnley,"FW,MF",22,2002,9,2,209,2.3,0,0,0,0,0,0,0,0,0.9,0.9,0.0,0.9,3,2,10,0.00,0.00,0.00,0.00,0.00,0.37,0.00,0.37,0.37,0.37,Championship
Oliver Sonne,Burnley,DF,23,2000,2,0,25,0.3,0,0,0,0,0,0,0,0,0.0,0.0,0.2,0.2,1,1,2,0.00,0.00,0.00,0.00,0.00,0.00,0.62,0.62,0.00,0.62,Championship
Luke O'Nien,Sunderland,DF,29,1994,45,44,3934,43.7,3,1,4,3,0,1,9,0,3.3,2.5,1.0,3.5,45,229,26,0.07,0.02,0.09,0.07,0.09,0.08,0.02,0.10,0.06,0.08,Championship
Adil Aouchiche,Sunderland,"MF,FW",22,2002,12,9,683,7.6,1,1,2,1,0,0,2,0,1.2,1.2,0.4,1.6,14,18,41,0.13,0.13,0.26,0.13,0.26,0.16,0.05,0.21,0.16,0.21,Championship
Adil Aouchiche,Sunderland,"FW,MF",22,2002,8,3,296,3.3,0,1,1,0,0,0,0,0,0.5,0.5,1.6,2.1,13,14,56,0.00,0.30,0.30,0.00,0.30,0.15,0.48,0.63,0.15,0.63,Championship
Simon Moore,Sunderland,GK,34,1990,4,4,360,4.0,0,0,0,0,0,0,1,0,0.0,0.0,0.0,0.0,0,0,0,0.00,0.00,0.00,0.00,0.00,0.00,0.00,0.00,0.00,0.00,Championship
Josh Wilson-Esbrand,Manchester City,"DF,FW",21,2002,6,4,269,3.0,0,1,1,0,0,0,0,0,0.6,0.6,0.3,0.9,6,9,13,0.00,0.33,0.33,0.00,0.33,0.19,0.10,0.29,0.19,0.29,Championship
Eliezer Mayenda,Sunderland,"FW,MF",19,2005,37,22,2155,23.9,8,5,13,8,0,0,2,0,9.7,9.7,3.8,13.5,82,32,157,0.33,0.21,0.54,0.33,0.54,0.41,0.16,0.56,0.41,0.56,Championship
Ajibola Alese,Sunderland,DF,23,2001,12,8,703,7.8,0,0,0,0,0,0,2,0,0.5,0.5,0.5,1.0,3,29,19,0.00,0.00,0.00,0.00,0.00,0.06,0.06,0.12,0.06,0.12,Championship
Shurandy Sambo,Burnley,MF,22,2001,1,0,19,0.2,0,0,0,0,0,0,0,0,0.0,0.0,0.0,0.0,2,0,5,0.00,0.00,0.00,0.00,0.00,0.00,0.00,0.00,0.00,0.00,Championship
Darko Gyabi,Leeds United,MF,20,2004,43,34,2841,31.6,1,2,3,1,0,0,10,0,3.0,3.0,1.4,4.4,56,113,46,0.03,0.06,0.10,0.03,0.10,0.10,0.04,0.14,0.10,0.14,Championship
Leo Fuhr Hjelde,Sunderland,DF,20,2003,15,5,410,4.6,0,1,1,0,0,0,3,0,0.0,0.0,0.2,0.2,3,22,16,0.00,0.22,0.22,0.00,0.22,0.00,0.03,0.03,0.00,0.03,Championship
Romaine Mundle,Sunderland,"FW,MF",21,2003,22,17,1433,15.9,5,2,7,5,0,0,1,0,2.2,2.2,1.4,3.7,100,44,179,0.31,0.13,0.44,0.31,0.44,0.14,0.09,0.23,0.14,0.23,Championship
Myles Peart-Harris,Brentford,"FW,MF",21,2002,29,18,1665,18.5,3,4,7,3,0,0,6,0,3.1,3.1,2.4,5.5,47,42,135,0.16,0.22,0.38,0.16,0.38,0.17,0.13,0.30,0.17,0.30,Championship
Carl Rushworth,Brighton,GK,23,2001,2,2,180,2.0,0,0,0,0,0,0,0,0,0.0,0.0,0.0,0.0,0,0,0,0.00,0.00,0.00,0.00,0.00,0.00,0.00,0.00,0.00,0.00,Championship
James Beadle,Brighton,GK,20,2004,38,38,3420,38.0,0,0,0,0,0,0,2,0,0.0,0.0,0.0,0.0,0,0,0,0.00,0.00,0.00,0.00,0.00,0.00,0.00,0.00,0.00,0.00,Championship
Enock Agyei,Burnley,"FW,MF",19,2005,3,0,58,0.6,0,0,0,0,0,0,0,0,0.1,0.1,0.0,0.1,8,5,12,0.00,0.00,0.00,0.00,0.00,0.08,0.08,0.16,0.08,0.16,Championship
Jenson Seelt,Sunderland,DF,21,2003,1,0,22,0.2,0,0,0,0,0,0,0,0,0.0,0.0,0.0,0.0,0,1,0,0.00,0.00,0.00,0.00,0.00,0.00,0.00,0.00,0.00,0.00,Championship
Joe Anderson,Sunderland,DF,23,2001,2,1,99,1.1,0,0,0,0,0,0,1,0,0.0,0.0,0.0,0.0,4,9,6,0.00,0.00,0.00,0.00,0.00,0.00,0.00,0.00,0.00,0.00,Championship
Nectarios Triantis,Sunderland,FW,21,2003,1,0,1,0.0,0,0,0,0,0,0,0,0,0.0,0.0,0.0,0.0,0,0,0,0.00,0.00,0.00,0.00,0.00,0.00,0.00,0.00,0.00,0.00,Championship
Trai Hume,Sunderland,DF,22,2002,44,43,3810,42.3,3,6,9,3,0,0,11,1,2.0,2.0,7.2,9.3,63,217,139,0.07,0.14,0.21,0.07,0.21,0.05,0.17,0.22,0.05,0.22,Championship
David Ozoh,Crystal Palace,MF,19,2005,10,9,699,7.8,1,0,1,1,0,0,0,0,0.3,0.3,0.0,0.3,8,22,5,0.13,0.00,0.13,0.13,0.13,0.04,0.00,0.04,0.04,0.04,Championship
Tawanda Chirewa,Wolves,MF,20,2003,5,1,151,1.7,0,0,0,0,0,0,1,0,0.1,0.1,0.0,0.1,1,7,7,0.00,0.00,0.00,0.00,0.00,0.04,0.00,0.04,0.04,0.04,Championship
Chris Rigg,Sunderland,"MF,FW",17,2007,42,36,3055,33.9,4,1,5,4,0,0,8,0,5.8,5.8,3.0,8.8,48,127,179,0.12,0.03,0.15,0.12,0.15,0.17,0.09,0.26,0.17,0.26,Championship
Dan Neil,Sunderland,MF,22,2001,44,44,3877,43.1,2,3,5,2,0,0,4,1,0.8,0.8,2.1,3.0,49,253,51,0.05,0.07,0.12,0.05,0.12,0.02,0.05,0.07,0.02,0.07,Championship
Charlie Crew,Leeds United,MF,18,2006,1,0,5,0.1,0,0,0,0,0,0,0,0,0.0,0.0,0.0,0.0,0,0,0,0.00,0.00,0.00,0.00,0.00,0.49,0.00,0.49,0.49,0.49,Championship
Ibrahim Osman,Brighton,"FW,MF",19,2004,22,6,790,8.8,3,3,6,3,0,0,2,0,2.0,2.0,1.6,3.6,45,20,106,0.34,0.34,0.68,0.34,0.68,0.23,0.19,0.41,0.23,0.41,Eredivisie
Hjalmar Ekdal,Burnley,DF,25,1998,14,14,1240,13.8,0,0,0,0,0,0,2,0,0.2,0.2,0.0,0.2,11,38,1,0.00,0.00,0.00,0.00,0.00,0.01,0.00,0.02,0.01,0.02,Eredivisie
Hugo Bueno,Wolves,DF,21,2002,20,14,1197,13.3,0,3,3,0,0,0,1,0,0.5,0.5,2.5,3.0,61,48,79,0.00,0.23,0.23,0.00,0.23,0.03,0.19,0.22,0.03,0.22,Eredivisie
Giorgi Mamardashvili,Liverpool,GK,23,2000,34,34,3060,34.0,0,0,0,0,0,0,2,0,0.0,0.0,0.1,0.1,1,0,0,0.00,0.00,0.00,0.00,0.00,0.00,0.00,0.00,0.00,0.00,La-Liga
Fábio Silva,Wolves,FW,22,2002,24,22,1866,20.7,10,3,13,8,2,3,7,0,8.8,6.4,2.0,8.4,30,26,119,0.48,0.14,0.63,0.39,0.53,0.42,0.10,0.52,0.31,0.41,La-Liga
Martín Zubimendi,Arsenal,MF,25,1999,36,33,2962,32.9,2,1,3,2,0,0,6,0,2.6,2.6,1.1,3.7,38,195,43,0.06,0.03,0.09,0.06,0.09,0.08,0.03,0.11,0.08,0.11,La-Liga
Albert Sambi Lokonga,Arsenal,MF,24,1999,22,16,1471,16.3,0,2,2,0,0,0,4,0,0.9,0.9,1.0,1.9,24,93,20,0.00,0.12,0.12,0.00,0.12,0.06,0.06,0.12,0.06,0.12,La-Liga
Nayef Aguerd,West Ham,DF,28,1996,21,21,1760,19.6,0,0,0,0,0,0,5,0,2.4,2.4,0.1,2.5,26,75,1,0.00,0.00,0.00,0.00,0.00,0.12,0.01,0.13,0.12,0.13,La-Liga
Bryan Gil,Tottenham,"FW,MF",23,2001,25,21,1721,19.1,3,3,6,3,0,0,4,0,2.3,2.3,2.9,5.2,76,74,210,0.16,0.16,0.31,0.16,0.31,0.12,0.15,0.27,0.12,0.27,La-Liga
Stefan Bajcetic,Liverpool,"MF,DF",19,2004,14,12,969,10.8,1,0,1,1,0,0,4,0,0.3,0.3,0.2,0.5,8,39,9,0.09,0.00,0.09,0.09,0.09,0.03,0.02,0.05,0.03,0.05,La-Liga
Valentín Barco,Brighton,"DF,FW",20,2004,7,3,288,3.2,0,0,0,0,0,0,0,0,0.3,0.3,0.6,0.9,4,13,13,0.00,0.00,0.00,0.00,0.00,0.09,0.20,0.28,0.09,0.28,La-Liga
Karl Jakob Hein,Arsenal,GK,22,2002,31,31,2790,31.0,0,0,0,0,0,0,0,0,0.0,0.0,0.0,0.0,0,0,0,0.00,0.00,0.00,0.00,0.00,0.00,0.00,0.00,0.00,0.00,La-Liga
Hamed Junior Traorè,Bournemouth,MF,24,2000,26,26,2093,23.3,10,2,12,10,0,0,5,0,7.9,7.9,2.7,10.6,66,99,146,0.43,0.09,0.52,0.43,0.52,0.34,0.12,0.46,0.34,0.46,Ligue-1
Ki-Jana Hoever,Wolves,DF,22,2002,30,26,2124,23.6,1,2,3,1,0,0,4,1,0.5,0.5,2.7,3.2,59,79,128,0.04,0.08,0.13,0.04,0.13,0.02,0.11,0.13,0.02,0.13,Ligue-1
Romain Faivre,Bournemouth,"MF,FW",26,1998,20,10,899,10.0,3,2,5,2,1,1,2,0,2.6,1.8,1.9,3.7,24,44,49,0.30,0.20,0.50,0.20,0.40,0.26,0.19,0.45,0.18,0.37,Ligue-1
Naouirou Ahamada,Crystal Palace,"MF,FW",22,2002,3,0,58,0.6,0,0,0,0,0,0,0,0,0.0,0.0,0.0,0.0,2,1,1,0.00,0.00,0.00,0.00,0.00,0.03,0.00,0.03,0.03,0.03,Ligue-1
Andrey Santos,Chelsea,MF,20,2004,32,32,2855,31.7,10,3,13,10,0,0,8,0,5.1,5.1,3.3,8.4,29,149,26,0.32,0.09,0.41,0.32,0.41,0.16,0.10,0.27,0.16,0.27,Ligue-1
Abdallah Sima,Brighton,"FW,MF",23,2001,27,14,1238,13.8,7,2,9,7,0,0,2,0,5.9,5.9,1.0,6.9,36,24,92,0.51,0.15,0.65,0.51,0.65,0.43,0.07,0.50,0.43,0.50,Ligue-1
Timothee Pembele,Sunderland,DF,21,2002,20,12,1113,12.4,1,0,1,1,0,0,3,0,1.3,1.3,0.1,1.4,27,43,44,0.08,0.00,0.08,0.08,0.08,0.10,0.01,0.11,0.10,0.11,Ligue-1
Fabio Vieira,Arsenal,"MF,FW",24,2000,26,21,1840,20.4,4,4,8,4,0,0,7,0,3.0,2.8,4.1,6.9,27,124,121,0.20,0.20,0.39,0.20,0.39,0.15,0.20,0.35,0.14,0.34,Primeira-Liga
Omar Richards,Nott'ham Forest,DF,26,1998,26,24,1989,22.1,0,1,1,0,0,0,4,0,0.1,0.1,0.8,0.9,32,83,73,0.00,0.05,0.05,0.00,0.05,0.00,0.04,0.04,0.00,0.04,Primeira-Liga
Tijjani Reijnders,Manchester City,MF,26,1998,37,36,3128,34.8,10,4,14,10,0,0,2,1,7.5,7.5,3.5,11.0,111,230,121,0.29,0.12,0.40,0.29,0.40,0.22,0.10,0.32,0.22,0.32,Serie-A
